,order_book_id,date,open,close,high,low,volume,total_turnover
0,510500.XSHG,2022-01-04,6.951655906157586,6.934874600409469,6.955012167307209,6.886208813739929,236207823.672,1699387519.0
1,510500.XSHG,2022-01-05,6.930679273972439,6.798946023849718,6.930679273972439,6.788877240400847,325358300.21212995,2310417706.0
2,510500.XSHG,2022-01-06,6.761188085916454,6.807336676723777,6.818244525460052,6.748602106605365,233976664.65767,1653859915.0
3,510500.XSHG,2022-01-07,6.809014807298589,6.772934999940135,6.834186765920764,6.763705281778672,219474548.55918,1552847587.0
4,510500.XSHG,2022-01-10,6.758670890054237,6.773774065227543,6.784681913963819,6.721752017408378,103190226.18498,725935764.0
5,510500.XSHG,2022-01-11,6.777969391664572,6.734337996719467,6.7930725668378775,6.715039495109132,178434355.50816998,1251807933.0
6,510500.XSHG,2022-01-12,6.73769425786909,6.780486587526789,6.78636004453863,6.73769425786909,115384870.515,812157874.0
7,510500.XSHG,2022-01-13,6.7838428486764135,6.704970711660261,6.789716305688255,6.6965800587862025,239166296.17321,1673203342.0
8,510500.XSHG,2022-01-14,6.670569034876621,6.673086230738839,6.725108278558003,6.657983055565532,256999859.26399997,1789294927.0
9,510500.XSHG,2022-01-17,6.673086230738839,6.739372388443902,6.76202715120386,6.672247165451433,200727743.11358997,1406417269.0
10,510500.XSHG,2022-01-18,6.7418895843061195,6.7511193024675835,6.772934999940135,6.714200429821727,157523575.04408997,1106419477.0
11,510500.XSHG,2022-01-19,6.746084910743148,6.712522299246914,6.77629126108976,6.678120622463274,289658375.7879,2024391712.0
12,510500.XSHG,2022-01-20,6.710844168672103,6.659661186140345,6.733498931432061,6.641201749817416,340887992.64061,2365807442.0
13,510500.XSHG,2022-01-21,6.653787729128504,6.589179701998252,6.656304924990721,6.574915592112353,506332477.868,3477083561.0
14,510500.XSHG,2022-01-24,6.5489045682027704,6.580789049124194,6.608478203608588,6.532962327742059,211980328.22179997,1450597482.0
15,510500.XSHG,2022-01-25,6.568203069813106,6.365149270260886,6.5757546573997585,6.359275813249045,350502121.40700996,2356173873.0
16,510500.XSHG,2022-01-26,6.376896184284568,6.3886430983082505,6.408780665205991,6.34417263807574,248526103.6894,1650845863.0
17,510500.XSHG,2022-01-27,6.383608706583815,6.235933216000384,6.3886430983082505,6.225025367264107,272079707.78770995,1780796507.0
18,510500.XSHG,2022-01-28,6.259427044047747,6.193140886342684,6.300541243130636,6.130210989787244,433773510.37499994,2809059610.0
19,510500.XSHG,2022-02-07,6.251036391173689,6.282081806807706,6.311449091866911,6.251036391173689,376216815.2864,2459926184.0
20,510500.XSHG,2022-02-08,6.287955263819547,6.356758617386827,6.360114878536451,6.221669106114484,179968100.29617998,1179424303.0
21,510500.XSHG,2022-02-09,6.367666466123104,6.444021407277037,6.451572994863691,6.347528899225364,198057402.63,1321293966.0
22,510500.XSHG,2022-02-10,6.438987015552603,6.443182341989632,6.466676170036996,6.4096197304933975,164378191.27923,1101643801.0
23,510500.XSHG,2022-02-11,6.423883840379297,6.365988335548292,6.4490557990014725,6.355080486812016,222300269.214,1478632844.0
24,510500.XSHG,2022-02-14,6.330747593477246,6.311449091866911,6.386964967733439,6.293828720831388,282726922.21,1861943494.0
25,510500.XSHG,2022-02-15,6.317322548878752,6.366827400835699,6.371861792560134,6.299702177843229,246903624.3927,1628872819.0
26,510500.XSHG,2022-02-16,6.39283842474528,6.380252445434192,6.401229077619338,6.3584367479616395,204360254.72199997,1357108872.0
27,510500.XSHG,2022-02-17,6.376057118997163,6.381930576009004,6.414654122217832,6.339977311638711,171360056.90719998,1137120585.0
28,510500.XSHG,2022-02-18,6.360114878536451,6.438987015552603,6.444021407277037,6.3492070298001755,180741348.50362,1206212414.0
29,510500.XSHG,2022-02-21,6.4398260808400085,6.467515235324402,6.474227757623649,6.4280791668163255,186378464.42053,1250962712.0
30,510500.XSHG,2022-02-22,6.431435427965949,6.395355620607497,6.433113558540761,6.351724225662393,188028824.80061,1250000229.0
31,510500.XSHG,2022-02-23,6.395355620607497,6.490169998084361,6.490169998084361,6.395355620607497,256733575.56063,1729008704.0
32,510500.XSHG,2022-02-24,6.462480843599967,6.378574314859381,6.496043455096201,6.312288157154317,377197658.559,2512995913.0
33,510500.XSHG,2022-02-25,6.426401036241514,6.423883840379297,6.506951303832477,6.412136926355615,274891718.12422997,1847311426.0
34,510500.XSHG,2022-02-28,6.427240101528921,6.456607386588126,6.4608027130251555,6.380252445434192,180806366.56697,1208520653.0
35,510500.XSHG,2022-03-01,6.465837104749591,6.4733886923362425,6.493526259233984,6.438147950265197,228817652.853,1538760660.0
36,510500.XSHG,2022-03-02,6.458285517162937,6.475905888198461,6.481779345210302,6.4280791668163255,161700219.06206998,1086745038.0
37,510500.XSHG,2022-03-03,6.507790369119884,6.468354300611807,6.512824760844318,6.443182341989632,172900613.32953998,1164653856.0
38,510500.XSHG,2022-03-04,6.428918232103732,6.423883840379297,6.488491867509548,6.399550947044527,185098231.092,1238159476.0
39,510500.XSHG,2022-03-07,6.410458795780803,6.2770474150832705,6.410458795780803,6.248519195311471,240445308.51599997,1579102028.0
40,510500.XSHG,2022-03-08,6.2770474150832705,6.044626330471846,6.283759937382517,6.042109134609628,532276271.5098,3399613805.0
41,510500.XSHG,2022-03-09,6.066442027944399,5.939743169546113,6.091613986566575,5.715712737808747,719699732.49683,4426199771.0
42,510500.XSHG,2022-03-10,6.024488763574105,6.034557547022976,6.092453051853981,6.007707457825989,461587669.76268995,2904673021.0
43,510500.XSHG,2022-03-11,5.962397932306072,6.1201422063383735,6.123498467487997,5.907019623337285,342609099.17942995,2136478444.0
44,510500.XSHG,2022-03-14,6.0622467015073696,5.9598807364438535,6.124337532775404,5.958202605869042,359047831.5268,2257638006.0
45,510500.XSHG,2022-03-15,5.91792747207356,5.608312381020797,5.940582234833519,5.606634250445985,651742819.4670999,3921764225.0
46,510500.XSHG,2022-03-16,5.6997704973480365,5.805492723561175,5.836538139195192,5.481613522622512,691701392.10636,4076905076.0
47,510500.XSHG,2022-03-17,5.87345701184105,5.900307101038037,6.004351196676365,5.8482850532188735,398713939.13807,2456378356.0
48,510500.XSHG,2022-03-18,5.874296077128456,5.96071980173126,5.968271389317913,5.85919290195515,252446811.45726997,1556376881.0
49,510500.XSHG,2022-03-21,5.974144846329754,5.983374564491219,6.013580914837829,5.91205401506172,483258563.10168993,2999146851.0
50,510500.XSHG,2022-03-22,5.971627650467536,5.98505269506603,6.037074742885194,5.9414213001209255,169357148.92128998,1053909767.0
51,510500.XSHG,2022-03-23,6.004351196676365,6.025327828861512,6.057212309782934,5.9808573686290005,139831035.80627,875721491.0
52,510500.XSHG,2022-03-24,5.992604282652683,5.979179238054189,6.018615306562265,5.953168214144607,123083461.64469,765596974.0
53,510500.XSHG,2022-03-25,5.977501107479377,5.902824296900255,6.007707457825989,5.901146166325444,128973468.2197,798976885.0
54,510500.XSHG,2022-03-28,5.870939815978832,5.922961863797996,5.964915128168289,5.8239521598841035,126937961.289,778955964.0
55,510500.XSHG,2022-03-29,5.9238009290854015,5.891077382876573,5.948972887707578,5.874296077128456,144149941.84381,885921078.0
56,510500.XSHG,2022-03-30,5.911214949774314,6.018615306562265,6.022810632999294,5.911214949774314,261769389.2169,1628592114.0
57,510500.XSHG,2022-03-31,6.000155870239335,5.9665932587431,6.012741849550424,5.956524475294231,154148084.37012,959399372.0
58,510500.XSHG,2022-04-01,5.919605602648372,6.007707457825989,6.016937175987453,5.919605602648372,208623805.20623,1299501161.0
59,510500.XSHG,2022-04-06,5.99931680495193,5.994282413227494,5.99931680495193,5.912893080349125,147507002.04729,914815528.0
60,510500.XSHG,2022-04-07,5.972466715754942,5.858353836667745,5.996799609089712,5.856675706092933,223223109.937,1373140092.0
61,510500.XSHG,2022-04-08,5.870100750691427,5.877652338278079,5.881008599427703,5.761022263328664,162422181.28686997,986420338.0
62,510500.XSHG,2022-04-11,5.839894400344815,5.690540779186572,5.856675706092933,5.663690689989584,215602486.65,1287034332.0
63,510500.XSHG,2022-04-12,5.6880235833243535,5.783677026088622,5.793745809537493,5.63012807849335,283838787.79008996,1693823369.0
64,510500.XSHG,2022-04-13,5.755987871604229,5.6997704973480365,5.779481699651593,5.697253301485818,164075628.493,978040348.0
65,510500.XSHG,2022-04-14,5.730815912982053,5.775286373214564,5.8147224417226395,5.717390868383559,168693128.54042,1012513882.0
66,510500.XSHG,2022-04-15,5.749275349304982,5.7232643253954,5.780320764938999,5.701448627922848,129686553.672,774875881.0
67,510500.XSHG,2022-04-18,5.672081342863643,5.728298717119835,5.758505067466447,5.632645274355567,183148319.156,1089080086.0
68,510500.XSHG,2022-04-19,5.726620586545024,5.746758153442765,5.76186132861607,5.708161150222095,139018587.77146998,829972014.0
69,510500.XSHG,2022-04-20,5.74759721873017,5.614185838032638,5.758505067466447,5.604956119871173,147404939.78056,869041433.0
70,510500.XSHG,2022-04-21,5.604956119871173,5.44133838882703,5.626771817343726,5.419522691354477,247617504.74566,1422305107.0
71,510500.XSHG,2022-04-22,5.420361756641883,5.408614842618201,5.473222869748453,5.3406505543383265,271832935.80298996,1529016193.0
72,510500.XSHG,2022-04-25,5.3255473791650205,5.055368356620333,5.3347770973264845,5.049494899608491,393951965.3229999,2123807687.0
73,510500.XSHG,2022-04-26,5.066276205356608,4.9630711750056875,5.133401428349078,4.932864824659076,398566417.4876299,2084616630.0
74,510500.XSHG,2022-04-27,4.961393044430876,5.130045167199454,5.1325623630616715,4.874969319828071,479655265.8106199,2492446853.0
75,510500.XSHG,2022-04-28,5.084735641679537,5.115781057313555,5.1535389952468185,5.034391724435186,393237381.70057994,2087151321.0
76,510500.XSHG,2022-04-29,5.1292061019120485,5.3255473791650205,5.326386444452426,5.126688906049831,383951042.93516,2092603223.0
77,510500.XSHG,2022-05-05,5.306248877554686,5.362466251810878,5.4069367120433895,5.302053551117656,262133153.62699997,1460696468.0
78,510500.XSHG,2022-05-06,5.252548699160711,5.24247991571184,5.308766073416903,5.227376740538535,347823101.158,1903682801.0
79,510500.XSHG,2022-05-09,5.224859544676317,5.288628506519163,5.307087942842092,5.215629826514853,286851815.21699995,1575316630.0
80,510500.XSHG,2022-05-10,5.227376740538535,5.377569426984184,5.386799145145648,5.195492259617112,219662699.4837,1216140275.0
81,510500.XSHG,2022-05-11,5.377569426984184,5.413649234342636,5.5428652886031395,5.3708569046849375,423540824.04761,2415729829.0
82,510500.XSHG,2022-05-12,5.39686792859452,5.417844560779666,5.464832216874394,5.367500643535314,166146603.57044,936570549.0
83,510500.XSHG,2022-05-13,5.432108670665565,5.479935392047699,5.482452587909917,5.408614842618201,161245747.7817,914249490.0
84,510500.XSHG,2022-05-16,5.516854264693558,5.463154086299582,5.533635570441675,5.439660258252218,219289505.07772997,1248694466.0
85,510500.XSHG,2022-05-17,5.464832216874394,5.492521371358788,5.4941995019336,5.409453907905607,154927513.102,880119851.0
86,510500.XSHG,2022-05-18,5.49000417549657,5.474061935035858,5.525244917567616,5.459797825149958,184169766.5041,1051132345.0
87,510500.XSHG,2022-05-19,5.411971103767825,5.525244917567616,5.526083982855022,5.403580450893767,215102312.01785,1223974671.0
88,510500.XSHG,2022-05-20,5.534474635729081,5.610829576883015,5.615863968607449,5.521888656417993,215344232.13052997,1247571360.0
89,510500.XSHG,2022-05-23,5.6217374256192905,5.634323404930378,5.645231253666655,5.58146229182381,157401665.45944,918724341.0
90,510500.XSHG,2022-05-24,5.625093686768914,5.442177454114436,5.63600153550519,5.437143062390001,287948565.08526,1663286713.0
91,510500.XSHG,2022-05-25,5.437143062390001,5.529440244004645,5.530279309292052,5.4312696053781595,207138654.73436,1181807603.0
92,510500.XSHG,2022-05-26,5.522727721705398,5.593209205847492,5.614185838032638,5.4556024987129295,220063319.10783,1270608591.0
93,510500.XSHG,2022-05-27,5.604956119871173,5.593209205847492,5.641874992517032,5.541187158028328,152709405.80672,889893298.0
94,510500.XSHG,2022-05-30,5.604956119871173,5.623415556194102,5.625093686768914,5.550416876189792,108872503.6842,634000870.0
95,510500.XSHG,2022-05-31,5.614185838032638,5.711517411371719,5.726620586545024,5.583979487686027,291128486.14368,1720173651.0
96,510500.XSHG,2022-06-01,5.701448627922848,5.705643954359877,5.729137782407242,5.6519437759659015,162147970.33931,962082988.0
97,510500.XSHG,2022-06-02,5.695575170911007,5.774447307927158,5.782837960801217,5.673759473438454,172652107.22436,1031916645.0
98,510500.XSHG,2022-06-06,5.759344132753852,5.865905424254397,5.88772112172695,5.759344132753852,277471183.36521995,1687855264.0
99,510500.XSHG,2022-06-07,5.864227293679585,5.862549163104774,5.881008599427703,5.831503747470757,182368930.51277,1111826497.0
100,510500.XSHG,2022-06-08,5.86338822839218,5.903663362187661,5.919605602648372,5.805492723561175,194522500.012,1187593012.0
101,510500.XSHG,2022-06-09,5.890238317589167,5.832342812758163,5.907019623337285,5.774447307927158,172735139.98163,1051177648.0
102,510500.XSHG,2022-06-10,5.796263005399711,5.938904104258707,5.948133822420172,5.796263005399711,249861808.25563,1532290997.0
103,510500.XSHG,2022-06-13,5.906180558049878,5.921283733223184,5.9447775612705485,5.862549163104774,194963475.16199997,1198121604.0
104,510500.XSHG,2022-06-14,5.8751351424158615,5.981696433916406,5.986730825640842,5.764378524478287,295838087.001,1807912725.0
105,510500.XSHG,2022-06-15,5.978340172766783,5.956524475294231,6.100004639440633,5.948972887707578,245983565.82201,1541771500.0
106,510500.XSHG,2022-06-16,5.969949519892724,5.9657541934556955,6.037074742885194,5.948972887707578,231658924.46784997,1444896548.0
107,510500.XSHG,2022-06-17,5.939743169546113,6.022810632999294,6.037074742885194,5.879330468852891,262241556.77277,1631817428.0
108,510500.XSHG,2022-06-20,6.022810632999294,6.022810632999294,6.063924832082181,5.969110454605318,204672214.28778997,1282310391.0
109,510500.XSHG,2022-06-21,6.016937175987453,5.979179238054189,6.038752873460005,5.930513451384648,171136058.71185,1066364260.0
110,510500.XSHG,2022-06-22,5.974144846329754,5.886042991152138,5.993443347940088,5.879330468852891,225203522.46330997,1390781789.0
111,510500.XSHG,2022-06-23,5.886042991152138,6.016098110700047,6.021971567711888,5.864227293679585,226967389.84699997,1408835454.0
112,510500.XSHG,2022-06-24,6.024488763574105,6.085740529554734,6.098326508865822,6.011902784263017,204923163.50984,1294176121.0
113,510500.XSHG,2022-06-27,6.0958093130036035,6.1109124881769095,6.162934535996073,6.0958093130036035,228801526.90719,1457281947.0
114,510500.XSHG,2022-06-28,6.110073422889504,6.21411751852783,6.225864432551513,6.100004639440633,148713826.18532997,954593277.0
115,510500.XSHG,2022-06-29,6.199014343354525,6.115946879901345,6.214956583815237,6.089935855991763,206791255.65657997,1321970690.0
116,510500.XSHG,2022-06-30,6.108395292314692,6.163773601283479,6.204048735078961,6.104199965877663,236088233.5021,1516437532.0
117,510500.XSHG,2022-07-01,6.151187621972391,6.152865752547203,6.195658082204902,6.1377625773738975,151583061.35164,972423718.0
118,510500.XSHG,2022-07-04,6.150348556684985,6.227542563126325,6.230898824275949,6.109234357602098,307904542.71839,1983604414.0
119,510500.XSHG,2022-07-05,6.2376113465751954,6.219151910252266,6.257748913472936,6.142796969098332,256651214.0019,1655568283.0
120,510500.XSHG,2022-07-06,6.195658082204902,6.138601642661303,6.211600322665613,6.081545203117704,153994986.96115997,984359824.0
121,510500.XSHG,2022-07-07,6.129371924499838,6.163773601283479,6.200692473929337,6.105878096452474,187083338.57192,1199931286.0
122,510500.XSHG,2022-07-08,6.188106494618249,6.127693793925027,6.202370604504149,6.124337532775404,129148866.37195998,828130889.0
123,510500.XSHG,2022-07-11,6.099165574153227,6.046304461046659,6.109234357602098,6.007707457825989,128129418.8748,806545895.0
124,510500.XSHG,2022-07-12,6.039591938747411,5.973305781042348,6.076510811393269,5.9657541934556955,118275376.719,740249888.0
125,510500.XSHG,2022-07-13,5.9749839116171595,5.9951214785149,6.015259045412641,5.948133822420172,212411590.4646,1323141160.0
126,510500.XSHG,2022-07-14,5.986730825640842,6.037074742885194,6.069798289094022,5.980018303341595,221333330.976,1391373973.0
127,510500.XSHG,2022-07-15,6.014419980125235,5.935547843109084,6.063924832082181,5.930513451384648,134392732.104,840057674.0
128,510500.XSHG,2022-07-18,5.940582234833519,6.045465395759252,6.0622467015073696,5.940582234833519,159197458.2986,996713559.0
129,510500.XSHG,2022-07-19,6.045465395759252,6.067281093231805,6.08238426840511,6.017776241274858,159374604.31599998,1004233508.0
130,510500.XSHG,2022-07-20,6.0958093130036035,6.144475099673144,6.160417340133855,6.088257725416951,139241103.83216,888618261.0
131,510500.XSHG,2022-07-21,6.138601642661303,6.084901464267327,6.146153230247956,6.081545203117704,109767893.99046,698857170.0
132,510500.XSHG,2022-07-22,6.0865795948421395,6.030362220585947,6.115946879901345,5.974144846329754,222503794.70849,1394813209.0
133,510500.XSHG,2022-07-25,6.024488763574105,5.97078858518013,6.054695113920717,5.948972887707578,162627475.26351997,1014375077.0
134,510500.XSHG,2022-07-26,5.97078858518013,6.042948199897035,6.067281093231805,5.962397932306072,133346819.2255,835838969.0
135,510500.XSHG,2022-07-27,6.032879416448164,6.068959223806616,6.0865795948421395,6.020293437137076,85082068.44097999,536039052.0
136,510500.XSHG,2022-07-28,6.090774921279169,6.084901464267327,6.143636034385739,6.07231548495624,136367391.33633998,866454632.0
137,510500.XSHG,2022-07-29,6.097487443578416,6.036235677597787,6.1109124881769095,6.025327828861512,128512690.42199,810273443.0
138,510500.XSHG,2022-08-01,6.027005959436323,6.088257725416951,6.091613986566575,5.992604282652683,90934751.33745,572594575.0
139,510500.XSHG,2022-08-02,6.042948199897035,5.93638690839649,6.049660722196282,5.847445987931469,240762008.851,1486902991.0
140,510500.XSHG,2022-08-03,5.938065038971302,5.886882056439544,6.017776241274858,5.865066358966992,158504566.072,983528727.0
141,510500.XSHG,2022-08-04,5.919605602648372,5.907019623337285,5.927996255522431,5.8298256168959455,175790053.17545,1077343749.0
142,510500.XSHG,2022-08-05,5.912893080349125,6.02952315529854,6.032879416448164,5.912893080349125,106796868.01485,663416951.0
143,510500.XSHG,2022-08-08,6.015259045412641,6.063085766794775,6.067281093231805,6.010224653688206,105696580.03688,664902426.0
144,510500.XSHG,2022-08-09,6.066442027944399,6.0807061378302985,6.084901464267327,6.030362220585947,103530995.74544,653499927.0
145,510500.XSHG,2022-08-10,6.073993615531052,6.068959223806616,6.10252183530285,6.0412700693222225,79053847.65467,499523169.0
146,510500.XSHG,2022-08-11,6.0958093130036035,6.1889455599056555,6.191462755767872,6.085740529554734,134090305.61918,858080651.0
147,510500.XSHG,2022-08-12,6.18391116818122,6.178037711169379,6.209083126803396,6.16964705829532,97669925.158,628859243.0
148,510500.XSHG,2022-08-15,6.156222013696826,6.186428364043437,6.214956583815237,6.142796969098332,226509233.84699997,1458406727.0
149,510500.XSHG,2022-08-16,6.195658082204902,6.202370604504149,6.241806673012224,6.178876776456784,125705095.56392,812316540.0
150,510500.XSHG,2022-08-17,6.204887800366366,6.242645738299631,6.253553587035907,6.16964705829532,158904410.26709998,1027785690.0
151,510500.XSHG,2022-08-18,6.235094150712977,6.219990975539672,6.235094150712977,6.1923018210552785,92601688.947,598810969.0
152,510500.XSHG,2022-08-19,6.209083126803396,6.1377625773738975,6.2283816284137306,6.134406316224274,136747033.14262,879109913.0
153,510500.XSHG,2022-08-22,6.131889120362056,6.214956583815237,6.224186301976701,6.104199965877663,101613370.06276,653942628.0
154,510500.XSHG,2022-08-23,6.209083126803396,6.216634714390048,6.220830040827077,6.175520515307161,131729310.9214,849223572.0
155,510500.XSHG,2022-08-24,6.216634714390048,6.038752873460005,6.221669106114484,6.022810632999294,180850879.85854,1147800159.0
156,510500.XSHG,2022-08-25,6.037913808172599,6.071476419668834,6.074832680818457,5.99092615207787,163754847.13342997,1028828394.0
157,510500.XSHG,2022-08-26,6.064763897369587,6.05805137507034,6.127693793925027,6.037074742885194,112457963.8168,711104798.0
158,510500.XSHG,2022-08-29,5.958544951689954,6.054650515426888,6.064261071800582,5.957583896052585,198028513.0,1243370988.0
159,510500.XSHG,2022-08-30,6.054650515426888,6.046001014690565,6.064261071800582,5.999870344096836,183534979.0,1153092428.0
160,510500.XSHG,2022-08-31,6.025818846305808,5.917219559283072,6.041195736503718,5.899920557810424,234010869.0,1449546434.0
161,510500.XSHG,2022-09-01,5.910492169821487,5.896076335260946,5.96527234115154,5.874933111238821,98092405.0,605082195.0
162,510500.XSHG,2022-09-02,5.881660500700407,5.906647947272009,5.939323838942567,5.879738389425667,171678561.0,1056194492.0
163,510500.XSHG,2022-09-05,5.897037390898316,5.936440672030458,5.944129117129413,5.873972055601452,160317177.0,987346025.0
164,510500.XSHG,2022-09-06,5.939323838942567,6.03831256959161,6.043117847778457,5.939323838942567,164844032.0,1030073051.0
165,510500.XSHG,2022-09-07,6.020052512481592,6.05368945978952,6.06810529435006,6.009480900470529,103698198.0,652201029.0
166,510500.XSHG,2022-09-08,6.059455793613735,6.032546235767394,6.062338960525843,6.025818846305808,145157410.0,912197124.0
167,510500.XSHG,2022-09-09,6.030624124492656,6.0690663499874296,6.080599017635861,6.012364067382638,162508960.0,1024964818.0
168,510500.XSHG,2022-09-13,6.0844432401853386,6.05368945978952,6.103664352932725,6.040234680866349,171915915.0,1085475444.0
169,510500.XSHG,2022-09-14,5.987376620811035,6.007558789195791,6.032546235767394,5.972960786250494,200417289.0,1252419074.0
170,510500.XSHG,2022-09-15,6.020052512481592,5.870127833051973,6.033507291404763,5.824958218095615,184702458.0,1137139697.0
171,510500.XSHG,2022-09-16,5.852828831579326,5.724047376171834,5.871088888689343,5.7173199867102475,205735741.0,1240121958.0
172,510500.XSHG,2022-09-19,5.718281042347617,5.688488317589167,5.72885265435868,5.648123980819655,159073285.0,940843676.0
173,510500.XSHG,2022-09-20,5.696176762688122,5.7173199867102475,5.774022269315039,5.696176762688122,144729153.0,862607727.0
174,510500.XSHG,2022-09-21,5.69905992960023,5.746151655831328,5.7682559354908225,5.647162925182285,121469500.0,722336359.0
175,510500.XSHG,2022-09-22,5.709631541611293,5.737502155095004,5.782671770051364,5.701943096512338,140979579.0,843298402.0
176,510500.XSHG,2022-09-23,5.725969487446572,5.6692672048417805,5.749995878380806,5.606798588412772,205678384.0,1216175074.0
177,510500.XSHG,2022-09-26,5.629863923709637,5.579889030566431,5.700020985237599,5.574122696742215,339784319.0,1994980601.0
178,510500.XSHG,2022-09-27,5.587577475665386,5.68464409503969,5.694254651413384,5.586616420028016,240423852.0,1411390482.0
179,510500.XSHG,2022-09-28,5.665422982292302,5.55105736144535,5.679838816852843,5.548174194533242,203925977.0,1186317967.0
180,510500.XSHG,2022-09-29,5.583733253115908,5.565473196005891,5.637552368808591,5.523186747961639,242413769.0,1409354548.0
181,510500.XSHG,2022-09-30,5.5577847509069365,5.490510856291082,5.588538531302755,5.488588745016344,156307202.0,900479980.0
182,510500.XSHG,2022-10-10,5.498199301390037,5.427081184224705,5.544329971983765,5.405937960202579,168606174.0,961786662.0
183,510500.XSHG,2022-10-11,5.429964351136813,5.460718131532633,5.491471911928452,5.401132682015732,268234684.0,1521015712.0
184,510500.XSHG,2022-10-12,5.4616791871700014,5.591421698214863,5.598149087676449,5.373262068532021,316516593.0,1807866605.0
185,510500.XSHG,2022-10-13,5.564512140368522,5.6058375327754035,5.648123980819655,5.5606679178190435,162037781.0,945416295.0
186,510500.XSHG,2022-10-14,5.660617704105456,5.748073767106066,5.774983324952409,5.637552368808591,254866515.0,1518017161.0
187,510500.XSHG,2022-10-17,5.722125264897095,5.774022269315039,5.7961265489745335,5.719242097984986,160442081.0,961793886.0
188,510500.XSHG,2022-10-18,5.799970771524012,5.799970771524012,5.837451941381416,5.758645379117129,183606501.0,1107179931.0
189,510500.XSHG,2022-10-19,5.785554936963471,5.750956934018175,5.8086202722603355,5.739424266369743,130656328.0,784782568.0
190,510500.XSHG,2022-10-20,5.730774765633418,5.731735821270789,5.8163087173592904,5.651968203369132,243198439.0,1448199789.0
191,510500.XSHG,2022-10-21,5.737502155095004,5.731735821270789,5.765372768578715,5.693293595776014,204128235.0,1217579218.0
192,510500.XSHG,2022-10-24,5.72789159872131,5.682721983764951,5.843218275205632,5.631786034984376,287111935.0,1709693413.0
193,510500.XSHG,2022-10-25,5.660617704105456,5.637552368808591,5.708670485973924,5.565473196005891,262057719.0,1537242771.0
194,510500.XSHG,2022-10-26,5.651007147731763,5.753840100930283,5.7961265489745335,5.644279758270177,258992446.0,1544497873.0
195,510500.XSHG,2022-10-27,5.776905436227147,5.736541099457635,5.800931827161381,5.730774765633418,211648155.0,1270523927.0
196,510500.XSHG,2022-10-28,5.711553652886031,5.553940528357459,5.720203153622355,5.529914137423225,238438526.0,1395608488.0
197,510500.XSHG,2022-10-31,5.544329971983765,5.587577475665386,5.646201869544916,5.5222256923242705,196079625.0,1138623733.0
198,510500.XSHG,2022-11-01,5.597188032039079,5.726930543083941,5.732696876908157,5.564512140368522,365777499.0,2156261190.0
199,510500.XSHG,2022-11-02,5.718281042347617,5.7682559354908225,5.799970771524012,5.703865207787077,256482672.0,1536462179.0
200,510500.XSHG,2022-11-03,5.734618988182896,5.771139102402931,5.790360215150319,5.72885265435868,232217560.0,1393256719.0
201,510500.XSHG,2022-11-04,5.766333824216084,5.917219559283072,5.93451856075572,5.765372768578715,336833282.0,2062291791.0
202,510500.XSHG,2022-11-07,5.914336392370964,5.901842669085163,5.938362783305198,5.866283610502497,204903372.0,1259058582.0
203,510500.XSHG,2022-11-08,5.895115279623577,5.907609002909378,5.910492169821487,5.871088888689343,176570074.0,1081977722.0
204,510500.XSHG,2022-11-09,5.915297448008333,5.8912710570741,5.954700729140476,5.8845436676125145,141186767.0,867580136.0
205,510500.XSHG,2022-11-10,5.868205721777235,5.871088888689343,5.897037390898316,5.830724551919831,200492703.0,1222992995.0
206,510500.XSHG,2022-11-11,6.025818846305808,5.905686891634639,6.034468347042132,5.897998446535684,425722662.0,2642103690.0
207,510500.XSHG,2022-11-14,5.9124142810962255,5.896076335260946,5.9681555080636475,5.880699445063037,259196662.0,1597198501.0
208,510500.XSHG,2022-11-15,5.900881613447793,5.997948232822097,6.006597733558421,5.888387890161991,297730177.0,1850356936.0
209,510500.XSHG,2022-11-16,5.99506506590999,5.970077619338386,6.025818846305808,5.959506007327323,208038342.0,1295425715.0
210,510500.XSHG,2022-11-17,5.950856506590999,5.982571342624187,5.985454509536296,5.921063781832549,329644622.0,2039273639.0
211,510500.XSHG,2022-11-18,5.982571342624187,5.971038674975755,6.022935679393701,5.956622840415216,465058990.0,2896129987.0
212,510500.XSHG,2022-11-21,5.924908004382027,5.96431128551417,5.972960786250494,5.895115279623577,413988910.0,2559842978.0
213,510500.XSHG,2022-11-22,5.944129117129413,5.900881613447793,5.962389174239431,5.870127833051973,267496937.0,1645784286.0
214,510500.XSHG,2022-11-23,5.863400443590389,5.89031000143673,5.915297448008333,5.820152939908768,404002860.0,2470193485.0
215,510500.XSHG,2022-11-24,5.900881613447793,5.8912710570741,5.924908004382027,5.862439387953019,199374618.0,1222974085.0
216,510500.XSHG,2022-11-25,5.872049944326713,5.86051727667828,5.889348945799361,5.827841385007723,277236804.0,1691315690.0
217,510500.XSHG,2022-11-28,5.78651599260084,5.834568774469308,5.839374052656154,5.741346377644482,358876825.0,2168839380.0
218,510500.XSHG,2022-11-29,5.849945664667217,5.930674338206243,5.953739673503107,5.8489846090298485,380485720.0,2342485408.0
219,510500.XSHG,2022-11-30,5.928752226931504,5.917219559283072,5.944129117129413,5.8912710570741,205076321.0,1263332453.0
220,510500.XSHG,2022-12-01,5.996987177184728,5.948934395316261,6.004675622283683,5.945090172766783,218641816.0,1359689566.0
221,510500.XSHG,2022-12-02,5.952778617865738,5.93451856075572,5.984493453898927,5.930674338206243,205040860.0,1269756824.0
222,510500.XSHG,2022-12-05,5.973921841887863,5.975843953162602,5.990259787723142,5.945090172766783,389476546.0,2420516580.0
223,510500.XSHG,2022-12-06,5.971999730613125,5.972960786250494,6.020052512481592,5.947012284041522,205020371.0,1276605927.0
224,510500.XSHG,2022-12-07,5.96527234115154,5.96527234115154,6.0114030117452675,5.947973339678891,251485917.0,1563067206.0
225,510500.XSHG,2022-12-08,5.96527234115154,5.955661784777846,5.972960786250494,5.9325964494809815,179880280.0,1114027324.0
226,510500.XSHG,2022-12-09,5.948934395316261,5.96431128551417,5.987376620811035,5.922024837469919,196236728.0,1216913105.0
227,510500.XSHG,2022-12-12,5.953739673503107,5.942207005854675,5.962389174239431,5.915297448008333,195152738.0,1205936217.0
228,510500.XSHG,2022-12-13,5.9402848945799365,5.909531114184118,5.943168061492044,5.897037390898316,205760053.0,1265907003.0
229,510500.XSHG,2022-12-14,5.909531114184118,5.8845436676125145,5.927791171294135,5.867244666139866,197150083.0,1210000166.0
230,510500.XSHG,2022-12-15,5.879738389425667,5.883582611975145,5.897037390898316,5.86051727667828,171248726.0,1047808162.0
231,510500.XSHG,2022-12-16,5.871088888689343,5.86147833231565,5.873010999964082,5.829763496282461,266188643.0,1620817138.0
232,510500.XSHG,2022-12-19,5.8566730541288035,5.737502155095004,5.868205721777235,5.710592597248662,622390961.0,3738023458.0
233,510500.XSHG,2022-12-20,5.7173199867102475,5.675994594303366,5.7250084318092025,5.656773481555979,428122497.0,2533727887.0
234,510500.XSHG,2022-12-21,5.679838816852843,5.647162925182285,5.6894493732265365,5.60968175532488,226994690.0,1334004322.0
235,510500.XSHG,2022-12-22,5.663500871017564,5.586616420028016,5.672150371753888,5.55201841708272,226980075.0,1327241257.0
236,510500.XSHG,2022-12-23,5.5577847509069365,5.565473196005891,5.6058375327754035,5.534719415610072,422008102.0,2447115370.0
237,510500.XSHG,2022-12-26,5.569317418555368,5.631786034984376,5.649085036457024,5.565473196005891,383096612.0,2241569499.0
238,510500.XSHG,2022-12-27,5.65485137028124,5.67022826047915,5.675033538665996,5.618331256061205,344807815.0,2028977358.0
239,510500.XSHG,2022-12-28,5.656773481555979,5.65485137028124,5.675033538665996,5.636591313171222,228270891.0,1342473583.0
240,510500.XSHG,2022-12-29,5.6404355357207,5.651968203369132,5.691371484501275,5.624097589885421,275557197.0,1621737311.0
241,510500.XSHG,2022-12-30,5.668306149204411,5.657734537193348,5.673111427391257,5.634669201896484,156259078.0,919150284.0
242,510500.XSHG,2023-01-03,5.643318702632808,5.737502155095004,5.756723267842391,5.622175478610682,244700488.0,1452603823.0
243,510500.XSHG,2023-01-04,5.74422954455659,5.735580043820265,5.751917989655545,5.702904152149707,263374163.0,1570656301.0
244,510500.XSHG,2023-01-05,5.751917989655545,5.792282326425057,5.806698160985597,5.735580043820265,231775005.0,1394561318.0
245,510500.XSHG,2023-01-06,5.792282326425057,5.804776049710858,5.834568774469308,5.7807496587766245,199272551.0,1203393451.0
246,510500.XSHG,2023-01-09,5.812464494809813,5.8163087173592904,5.853789887216696,5.812464494809813,209701416.0,1271404621.0
247,510500.XSHG,2023-01-10,5.815347661721921,5.830724551919831,5.836490885744047,5.795165493337165,151506194.0,917369192.0
248,510500.XSHG,2023-01-11,5.830724551919831,5.803814994073488,5.851867775941956,5.790360215150319,231896495.0,1403722847.0
249,510500.XSHG,2023-01-12,5.809581327897705,5.798048660249274,5.836490885744047,5.783632825688732,170119873.0,1028140511.0
250,510500.XSHG,2023-01-13,5.806698160985597,5.847062497755109,5.8489846090298485,5.798048660249274,215455222.0,1304987383.0
251,510500.XSHG,2023-01-16,5.853789887216696,5.903764780359901,5.956622840415216,5.853789887216696,390989077.0,2409153605.0
252,510500.XSHG,2023-01-17,5.92010272619518,5.911453225458856,5.925869060019396,5.897998446535684,301742127.0,1856161851.0
253,510500.XSHG,2023-01-18,5.9124142810962255,5.93451856075572,5.954700729140476,5.9124142810962255,361235634.0,2233379007.0
254,510500.XSHG,2023-01-19,5.926830115656765,5.989298732085773,5.99410401027262,5.911453225458856,301622896.0,1871362978.0
255,510500.XSHG,2023-01-20,5.998909288459466,6.032546235767394,6.035429402679502,5.997948232822097,277862983.0,1740641348.0
256,510500.XSHG,2023-01-30,6.102703297295355,6.05272840415215,6.133457077691175,6.046962070327933,404446749.0,2562862589.0
257,510500.XSHG,2023-01-31,6.050806292877412,6.057533682338996,6.0844432401853386,6.036390458316871,263662170.0,1664269034.0
258,510500.XSHG,2023-02-01,6.0719495168995365,6.12672968822959,6.135379188965914,6.061377904888475,405654876.0,2579662458.0
259,510500.XSHG,2023-02-02,6.142106578427499,6.136340244603283,6.16901613627384,6.11135279803168,338292674.0,2161519790.0
260,510500.XSHG,2023-02-03,6.121924410042743,6.109430686756942,6.12576863259222,6.041195736503718,258303729.0,1635338319.0
261,510500.XSHG,2023-02-06,6.089248518372186,6.081560073273231,6.096936963471141,6.03831256959161,304667698.0,1923549544.0
262,510500.XSHG,2023-02-07,6.0844432401853386,6.0844432401853386,6.093092740921662,6.0392736252289785,562754021.0,3551023755.0
263,510500.XSHG,2023-02-08,6.089248518372186,6.040234680866349,6.094053796559032,6.030624124492656,467137938.0,2946457122.0
264,510500.XSHG,2023-02-09,6.035429402679502,6.1276907438669594,6.133457077691175,6.0238967350310695,319843191.0,2030121218.0
265,510500.XSHG,2023-02-10,6.131534966416436,6.108469631119572,6.133457077691175,6.061377904888475,471355276.0,2986761533.0
266,510500.XSHG,2023-02-13,6.091170629646924,6.144989745339608,6.152678190438563,6.091170629646924,509438326.0,3253878462.0
267,510500.XSHG,2023-02-14,6.154600301713301,6.161327691174886,6.173821414460688,6.132496022053806,232379421.0,1487854766.0
268,510500.XSHG,2023-02-15,6.160366635537517,6.149795023526454,6.178626692647534,6.128651799504328,270255821.0,1728355320.0
269,510500.XSHG,2023-02-16,6.154600301713301,6.06810529435006,6.196886749757552,6.022935679393701,309968089.0,1973891842.0
270,510500.XSHG,2023-02-17,6.064261071800582,6.0162082899321145,6.083482184547969,6.001792455371574,257134866.0,1617674608.0
271,510500.XSHG,2023-02-20,6.03735151395424,6.11039174239431,6.116158076218527,5.992181898997881,492217418.0,3101744006.0
272,510500.XSHG,2023-02-21,6.12672968822959,6.145950800976976,6.163249802449625,6.104625408570095,186274914.0,1189503911.0
273,510500.XSHG,2023-02-22,6.134418133328545,6.140184467152761,6.163249802449625,6.117119131855897,299347953.0,1911666367.0
274,510500.XSHG,2023-02-23,6.141145522790129,6.129612855141698,6.158444524262778,6.091170629646924,354664685.0,2261675776.0
275,510500.XSHG,2023-02-24,6.1200022987680045,6.116158076218527,6.144028689702238,6.0719495168995365,196814360.0,1250543753.0
276,510500.XSHG,2023-02-27,6.094053796559032,6.0844432401853386,6.113274909306418,6.05272840415215,271088592.0,1716511047.0
277,510500.XSHG,2023-02-28,6.086365351460077,6.123846521317482,6.129612855141698,6.058494737976367,168964368.0,1073198959.0
278,510500.XSHG,2023-03-01,6.121924410042743,6.161327691174886,6.181509859559643,6.108469631119572,184066334.0,1178803881.0
279,510500.XSHG,2023-03-02,6.16997719191121,6.154600301713301,6.180548803922274,6.138262355878021,215661977.0,1380731369.0
280,510500.XSHG,2023-03-03,6.158444524262778,6.151717134801193,6.168055080636472,6.109430686756942,301792150.0,1929511268.0
281,510500.XSHG,2023-03-06,6.156522412988039,6.153639246075931,6.17093824754858,6.123846521317482,265155549.0,1696050548.0
282,510500.XSHG,2023-03-07,6.150756079163823,6.057533682338996,6.157483468625409,6.055611571064258,259002383.0,1648696999.0
283,510500.XSHG,2023-03-08,6.040234680866349,6.0671442387126895,6.0796379619984915,6.036390458316871,262204187.0,1653974283.0
284,510500.XSHG,2023-03-09,6.0719495168995365,6.060416849251105,6.075793739449014,6.027740957580547,252591021.0,1591803989.0
285,510500.XSHG,2023-03-10,6.025818846305808,5.983532398261557,6.0392736252289785,5.969116563701017,170330943.0,1063695486.0
286,510500.XSHG,2023-03-13,5.977766064437341,6.017169345569484,6.021974623756331,5.955661784777846,180849399.0,1127004656.0
287,510500.XSHG,2023-03-14,5.998909288459466,5.9681555080636475,6.0162082899321145,5.906647947272009,201091943.0,1247164271.0
288,510500.XSHG,2023-03-15,5.9960261215473585,5.998909288459466,6.029663068855285,5.987376620811035,197302154.0,1232921797.0
289,510500.XSHG,2023-03-16,5.975843953162602,5.924908004382027,5.991220843360511,5.911453225458856,252010528.0,1562174915.0
290,510500.XSHG,2023-03-17,5.9604670629646925,5.959506007327323,6.0162082899321145,5.9402848945799365,421830402.0,2626433994.0
291,510500.XSHG,2023-03-20,5.9681555080636475,5.941245950217306,5.981610286986818,5.929713282568874,204507186.0,1267461273.0
292,510500.XSHG,2023-03-21,5.957583896052585,6.003714566646313,6.006597733558421,5.954700729140476,310253301.0,1933302437.0
293,510500.XSHG,2023-03-22,6.0114030117452675,6.036390458316871,6.040234680866349,6.0114030117452675,152766043.0,958505755.0
294,510500.XSHG,2023-03-23,6.030624124492656,6.070027405624798,6.070988461262168,6.0238967350310695,176004304.0,1107822682.0
295,510500.XSHG,2023-03-24,6.073871628174276,6.077715850723753,6.0844432401853386,6.05272840415215,145644215.0,920210934.0
296,510500.XSHG,2023-03-27,6.076754795086384,6.074832683811644,6.0844432401853386,6.035429402679502,191704741.0,1210959629.0
297,510500.XSHG,2023-03-28,6.074832683811644,6.059455793613735,6.093092740921662,6.046001014690565,238254843.0,1504138899.0
298,510500.XSHG,2023-03-29,6.0690663499874296,6.034468347042132,6.072910572536906,6.020052512481592,220384768.0,1385221847.0
299,510500.XSHG,2023-03-30,6.034468347042132,6.066183183075321,6.0690663499874296,5.996987177184728,419801778.0,2634433755.0
300,510500.XSHG,2023-03-31,6.066183183075321,6.11135279803168,6.116158076218527,6.059455793613735,349535045.0,2214202524.0
301,510500.XSHG,2023-04-03,6.121924410042743,6.172860358823319,6.189198304658597,6.118080187493265,280398797.0,1798020591.0
302,510500.XSHG,2023-04-04,6.178626692647534,6.176704581372795,6.181509859559643,6.146911856614346,161982604.0,1039482675.0
303,510500.XSHG,2023-04-06,6.164210858086994,6.1757435257354265,6.189198304658597,6.156522412988039,245472012.0,1577734331.0
304,510500.XSHG,2023-04-07,6.1757435257354265,6.222835251966524,6.234367919614956,6.171899303185949,165722339.0,1071993208.0
305,510500.XSHG,2023-04-10,6.22956264142811,6.181509859559643,6.233406863977587,6.16901613627384,296201636.0,1910698833.0
306,510500.XSHG,2023-04-11,6.179587748284903,6.180548803922274,6.195925694120183,6.157483468625409,336113026.0,2159284187.0
307,510500.XSHG,2023-04-12,6.194003582845444,6.201692027944399,6.206497306131245,6.172860358823319,357708817.0,2306354888.0
308,510500.XSHG,2023-04-13,6.196886749757552,6.174782470098057,6.209380473043354,6.167094024999102,278155569.0,1791079105.0
309,510500.XSHG,2023-04-14,6.180548803922274,6.189198304658597,6.213224695592831,6.165171913724364,253073142.0,1630033257.0
310,510500.XSHG,2023-04-17,6.174782470098057,6.219952085054417,6.223796307603894,6.173821414460688,115124873.0,743336830.0
311,510500.XSHG,2023-04-18,6.218029973779678,6.207458361768614,6.219952085054417,6.181509859559643,198494786.0,1281483847.0
312,510500.XSHG,2023-04-19,6.2036141392191375,6.178626692647534,6.217068918142308,6.168055080636472,122361672.0,788762173.0
313,510500.XSHG,2023-04-20,6.174782470098057,6.171899303185949,6.177665637010165,6.148833967889084,145962021.0,935610341.0
314,510500.XSHG,2023-04-21,6.171899303185949,6.024857790668439,6.171899303185949,6.006597733558421,262798414.0,1664466758.0
315,510500.XSHG,2023-04-24,6.028702013217916,5.984493453898927,6.036390458316871,5.96527234115154,196980054.0,1230839704.0
316,510500.XSHG,2023-04-25,5.97968817571208,5.894154223986208,5.997948232822097,5.826880329370353,255490290.0,1569307133.0
317,510500.XSHG,2023-04-26,5.885504723249883,5.919141670557811,5.946051228404152,5.880699445063037,305347118.0,1879711020.0
318,510500.XSHG,2023-04-27,5.917219559283072,5.944129117129413,5.972960786250494,5.905686891634639,211592316.0,1307713905.0
319,510500.XSHG,2023-04-28,5.955661784777846,6.032546235767394,6.035429402679502,5.939323838942567,211176402.0,1317176778.0
320,510500.XSHG,2023-05-04,6.0162082899321145,6.033507291404763,6.034468347042132,6.006597733558421,162845964.0,1020452338.0
321,510500.XSHG,2023-05-05,6.033507291404763,5.97968817571208,6.036390458316871,5.94989545095363,169427065.0,1053303886.0
322,510500.XSHG,2023-05-08,5.980649231349449,6.017169345569484,6.0392736252289785,5.976805008799972,148333733.0,927563534.0
323,510500.XSHG,2023-05-09,6.018130401206853,5.962389174239431,6.046001014690565,5.958544951689954,258188375.0,1614043547.0
324,510500.XSHG,2023-05-10,5.9604670629646925,5.951817562228368,5.990259787723142,5.929713282568874,181731559.0,1126003451.0
325,510500.XSHG,2023-05-11,5.957583896052585,5.933557505118351,5.970077619338386,5.929713282568874,84753143.0,524704235.0
326,510500.XSHG,2023-05-12,5.927791171294135,5.87589416687619,5.96431128551417,5.870127833051973,146367154.0,899892508.0
327,510500.XSHG,2023-05-15,5.871088888689343,5.941245950217306,5.94989545095363,5.833607718831939,161716103.0,991617637.0
328,510500.XSHG,2023-05-16,5.941245950217306,5.901842669085163,5.945090172766783,5.885504723249883,99594636.0,612874093.0
329,510500.XSHG,2023-05-17,5.887426834524622,5.903764780359901,5.928752226931504,5.880699445063037,153833123.0,944882702.0
330,510500.XSHG,2023-05-18,5.914336392370964,5.913375336733594,5.938362783305198,5.8845436676125145,173411166.0,1067228667.0
331,510500.XSHG,2023-05-19,5.905686891634639,5.918180614920441,5.950856506590999,5.8768552225135595,172916840.0,1064504043.0
332,510500.XSHG,2023-05-22,5.917219559283072,5.909531114184118,5.936440672030458,5.877816278150928,115364378.0,708922176.0
333,510500.XSHG,2023-05-23,5.909531114184118,5.847062497755109,5.914336392370964,5.844179330843002,138718265.0,849720503.0
334,510500.XSHG,2023-05-24,5.843218275205632,5.80285393843612,5.86147833231565,5.7961265489745335,246137952.0,1493635574.0
335,510500.XSHG,2023-05-25,5.804776049710858,5.785554936963471,5.832646663194569,5.726930543083941,195486999.0,1175020417.0
336,510500.XSHG,2023-05-26,5.787477048238211,5.836490885744047,5.850906720304587,5.7528790452929135,175032983.0,1056899255.0
337,510500.XSHG,2023-05-29,5.852828831579326,5.829763496282461,5.868205721777235,5.807659216622967,191794612.0,1163727672.0
338,510500.XSHG,2023-05-30,5.826880329370353,5.86147833231565,5.869166777414605,5.770178046765562,210721483.0,1277269444.0
339,510500.XSHG,2023-05-31,5.852828831579326,5.854750942854064,5.866283610502497,5.813425550447183,171319304.0,1041171961.0
340,510500.XSHG,2023-06-01,5.8566730541288035,5.864361499227758,5.9047258359972705,5.8239971624582445,287510043.0,1756775683.0
341,510500.XSHG,2023-06-02,5.881660500700407,5.914336392370964,5.930674338206243,5.880699445063037,243542683.0,1498036362.0
342,510500.XSHG,2023-06-05,5.905686891634639,5.901842669085163,5.915297448008333,5.887426834524622,105320370.0,646892503.0
343,510500.XSHG,2023-06-06,5.902803724722532,5.792282326425057,5.903764780359901,5.78651599260084,149959162.0,911274749.0
344,510500.XSHG,2023-06-07,5.7961265489745335,5.7961265489745335,5.8288024406450925,5.785554936963471,136041008.0,821895904.0
345,510500.XSHG,2023-06-08,5.799009715886642,5.783632825688732,5.812464494809813,5.74326848891922,192352457.0,1155659962.0
346,510500.XSHG,2023-06-09,5.795165493337165,5.832646663194569,5.843218275205632,5.784593881326102,208167520.0,1258499361.0
347,510500.XSHG,2023-06-12,5.838412997018786,5.849945664667217,5.87589416687619,5.819191884271398,187492595.0,1141939037.0
348,510500.XSHG,2023-06-13,5.849945664667217,5.867244666139866,5.874933111238821,5.841296163930894,125694910.0,766961295.0
349,510500.XSHG,2023-06-14,5.87589416687619,5.873972055601452,5.892232112711469,5.863400443590389,119556637.0,731159070.0
350,510500.XSHG,2023-06-15,5.881660500700407,5.925869060019396,5.939323838942567,5.877816278150928,195446059.0,1201564432.0
351,510500.XSHG,2023-06-16,5.926830115656765,5.967194452426278,5.9883376764484035,5.925869060019396,206526990.0,1281786865.0
352,510500.XSHG,2023-06-19,5.977766064437341,5.959506007327323,5.982571342624187,5.953739673503107,119261850.0,740304877.0
353,510500.XSHG,2023-06-20,5.961428118602062,5.956622840415216,5.973921841887863,5.939323838942567,76227170.0,472444970.0
354,510500.XSHG,2023-06-21,5.950856506590999,5.836490885744047,5.950856506590999,5.833607718831939,166799278.0,1021559235.0
355,510500.XSHG,2023-06-26,5.8086202722603355,5.739424266369743,5.823036106820876,5.72789159872131,344323154.0,2066980354.0
356,510500.XSHG,2023-06-27,5.7403853220071115,5.782671770051364,5.793243382062426,5.739424266369743,317296126.0,1907525642.0
357,510500.XSHG,2023-06-28,5.778827547501886,5.7961265489745335,5.798048660249274,5.704826263424446,273021272.0,1633413936.0
358,510500.XSHG,2023-06-29,5.783632825688732,5.787477048238211,5.806698160985597,5.766333824216084,221543312.0,1333935245.0
359,510500.XSHG,2023-06-30,5.776905436227147,5.857634109766172,5.868205721777235,5.776905436227147,197145563.0,1198238000.0
360,510500.XSHG,2023-07-03,5.866283610502497,5.885504723249883,5.905686891634639,5.848023553392479,166205776.0,1017304780.0
361,510500.XSHG,2023-07-04,5.880699445063037,5.898959502173054,5.901842669085163,5.878777333788298,173412653.0,1063242106.0
362,510500.XSHG,2023-07-05,5.893193168348838,5.869166777414605,5.9047258359972705,5.857634109766172,232233781.0,1421447518.0
363,510500.XSHG,2023-07-06,5.862439387953019,5.835529830106678,5.896076335260946,5.830724551919831,169769132.0,1033798369.0
364,510500.XSHG,2023-07-07,5.833607718831939,5.820152939908768,5.845140386480371,5.789399159512949,113652561.0,687991371.0
365,510500.XSHG,2023-07-10,5.841296163930894,5.840335108293524,5.863400443590389,5.812464494809813,118525164.0,719682020.0
366,510500.XSHG,2023-07-11,5.851867775941956,5.888387890161991,5.89031000143673,5.833607718831939,103167702.0,629303370.0
367,510500.XSHG,2023-07-12,5.89031000143673,5.829763496282461,5.895115279623577,5.822075051183506,94053268.0,573197538.0
368,510500.XSHG,2023-07-13,5.851867775941956,5.910492169821487,5.914336392370964,5.851867775941956,178013199.0,1090755327.0
369,510500.XSHG,2023-07-14,5.915297448008333,5.887426834524622,5.917219559283072,5.886465778887253,88634806.0,544267498.0
370,510500.XSHG,2023-07-17,5.880699445063037,5.873010999964082,5.880699445063037,5.841296163930894,192122431.0,1170740595.0
371,510500.XSHG,2023-07-18,5.873010999964082,5.864361499227758,5.889348945799361,5.841296163930894,157154980.0,958453839.0
372,510500.XSHG,2023-07-19,5.8566730541288035,5.855711998491434,5.878777333788298,5.827841385007723,120486972.0,733814812.0
373,510500.XSHG,2023-07-20,5.867244666139866,5.792282326425057,5.881660500700407,5.787477048238211,258153154.0,1568483529.0
374,510500.XSHG,2023-07-21,5.790360215150319,5.795165493337165,5.833607718831939,5.779788603139256,257450411.0,1553404150.0
375,510500.XSHG,2023-07-24,5.766333824216084,5.785554936963471,5.824958218095615,5.766333824216084,104838247.0,632051377.0
376,510500.XSHG,2023-07-25,5.833607718831939,5.879738389425667,5.886465778887253,5.833607718831939,185267438.0,1131145907.0
377,510500.XSHG,2023-07-26,5.878777333788298,5.869166777414605,5.8845436676125145,5.849945664667217,104338364.0,637071333.0
378,510500.XSHG,2023-07-27,5.873972055601452,5.8288024406450925,5.880699445063037,5.819191884271398,97642469.0,594989648.0
379,510500.XSHG,2023-07-28,5.804776049710858,5.917219559283072,5.922024837469919,5.804776049710858,175933487.0,1078204657.0
380,510500.XSHG,2023-07-31,5.925869060019396,5.954700729140476,6.009480900470529,5.923946948744657,226948657.0,1410878740.0
381,510500.XSHG,2023-08-01,5.954700729140476,5.959506007327323,5.983532398261557,5.948934395316261,170567104.0,1058342809.0
382,510500.XSHG,2023-08-02,5.955661784777846,5.938362783305198,5.977766064437341,5.92010272619518,152078839.0,940707002.0
383,510500.XSHG,2023-08-03,5.935479616393089,5.958544951689954,5.9604670629646925,5.907609002909378,234307463.0,1449039292.0
384,510500.XSHG,2023-08-04,5.987376620811035,5.997948232822097,6.035429402679502,5.971038674975755,215831469.0,1348209240.0
385,510500.XSHG,2023-08-07,5.991220843360511,5.958544951689954,5.99506506590999,5.946051228404152,380764354.0,2361615867.0
386,510500.XSHG,2023-08-08,5.948934395316261,5.938362783305198,5.957583896052585,5.916258503645702,294860767.0,1822186652.0
387,510500.XSHG,2023-08-09,5.924908004382027,5.897998446535684,5.937401727667829,5.888387890161991,422188480.0,2595236507.0
388,510500.XSHG,2023-08-10,5.897998446535684,5.896076335260946,5.913375336733594,5.872049944326713,204947551.0,1257057943.0
389,510500.XSHG,2023-08-11,5.897037390898316,5.779788603139256,5.905686891634639,5.777866491864517,291257891.0,1766448422.0
390,510500.XSHG,2023-08-14,5.737502155095004,5.78651599260084,5.797087604611904,5.7125147085234005,260845764.0,1560642068.0
391,510500.XSHG,2023-08-15,5.775944380589777,5.754801156567653,5.799970771524012,5.705787319061816,228484044.0,1367680954.0
392,510500.XSHG,2023-08-16,5.733657932545527,5.713475764160771,5.761528546029238,5.711553652886031,226883262.0,1352673932.0
393,510500.XSHG,2023-08-17,5.691371484501275,5.748073767106066,5.760567490391868,5.659656648468087,314317963.0,1870307730.0
394,510500.XSHG,2023-08-18,5.742307433281851,5.658695592830718,5.766333824216084,5.656773481555979,316070370.0,1878181523.0
395,510500.XSHG,2023-08-21,5.642357646995439,5.584694308753278,5.68368303940232,5.58277219747854,326136289.0,1913880144.0
396,510500.XSHG,2023-08-22,5.602954365863296,5.610642810962251,5.626980756797529,5.526069914873748,327293343.0,1903831840.0
397,510500.XSHG,2023-08-23,5.606798588412772,5.514537247225316,5.606798588412772,5.5049266908516215,299712509.0,1729652220.0
398,510500.XSHG,2023-08-24,5.518381469774793,5.529914137423225,5.58277219747854,5.503965635214253,252676187.0,1455596440.0
399,510500.XSHG,2023-08-25,5.510693024675838,5.464562354082109,5.534719415610072,5.437652796235768,274076915.0,1564353078.0
400,510500.XSHG,2023-08-28,5.755762212205021,5.5251088592363775,5.755762212205021,5.5049266908516215,515948238.0,3011273191.0
401,510500.XSHG,2023-08-29,5.518381469774793,5.645240813907546,5.674072483028627,5.515498302862684,1182384406.0,6900723499.0
402,510500.XSHG,2023-08-30,5.645240813907546,5.646201869544916,5.692332540138644,5.624097589885421,311284880.0,1832472792.0
403,510500.XSHG,2023-08-31,5.6404355357207,5.618331256061205,5.656773481555979,5.601032254588557,223404352.0,1307594599.0
404,510500.XSHG,2023-09-01,5.630824979347007,5.624097589885421,5.653890314643871,5.607759644050142,222355302.0,1301831939.0
405,510500.XSHG,2023-09-04,5.651968203369132,5.704826263424446,5.708670485973924,5.629863923709637,310054688.0,1833756164.0
406,510500.XSHG,2023-09-05,5.696176762688122,5.663500871017564,5.69905992960023,5.652929259006501,328947638.0,1939549756.0
407,510500.XSHG,2023-09-06,5.647162925182285,5.6615787597428255,5.68368303940232,5.620253367335944,230264068.0,1354396023.0
408,510500.XSHG,2023-09-07,5.6615787597428255,5.58277219747854,5.6615787597428255,5.576044808016953,350551641.0,2047335843.0
409,510500.XSHG,2023-09-08,5.569317418555368,5.5808500862038,5.6058375327754035,5.5606679178190435,327644987.0,1904449593.0
410,510500.XSHG,2023-09-11,5.587577475665386,5.645240813907546,5.679838816852843,5.576044808016953,346382028.0,2029703953.0
411,510500.XSHG,2023-09-12,5.645240813907546,5.647162925182285,5.665422982292302,5.634669201896484,249467310.0,1466529654.0
412,510500.XSHG,2023-09-13,5.646201869544916,5.590460642577494,5.646201869544916,5.5577847509069365,329323919.0,1915493459.0
413,510500.XSHG,2023-09-14,5.586616420028016,5.5856553643906475,5.592382753852233,5.553940528357459,259690199.0,1506656494.0
414,510500.XSHG,2023-09-15,5.594304865126971,5.586616420028016,5.624097589885421,5.556823695269567,264264130.0,1537412136.0
415,510500.XSHG,2023-09-18,5.574122696742215,5.598149087676449,5.618331256061205,5.547213138895874,574922778.0,3349618231.0
416,510500.XSHG,2023-09-19,5.590460642577494,5.574122696742215,5.597188032039079,5.55105736144535,239879269.0,1389655445.0
417,510500.XSHG,2023-09-20,5.556823695269567,5.534719415610072,5.572200585467476,5.533758359972702,314278187.0,1815632673.0
418,510500.XSHG,2023-09-21,5.5222256923242705,5.490510856291082,5.5500963058079815,5.487627689378973,283288923.0,1624386983.0
419,510500.XSHG,2023-09-22,5.480900299917389,5.584694308753278,5.586616420028016,5.480900299917389,376964568.0,2177669265.0
420,510500.XSHG,2023-09-25,5.574122696742215,5.5529794727200885,5.5808500862038,5.536641526884811,344278661.0,1988022795.0
421,510500.XSHG,2023-09-26,5.547213138895874,5.534719415610072,5.562590029093783,5.5327973043353325,213613137.0,1231863590.0
422,510500.XSHG,2023-09-27,5.533758359972702,5.558745806544305,5.5856553643906475,5.530875193060594,431830275.0,2499945341.0
423,510500.XSHG,2023-09-28,5.564512140368522,5.56643425164326,5.58181114184117,5.5577847509069365,260336074.0,1508370936.0
424,510500.XSHG,2023-10-09,5.564512140368522,5.535680471247441,5.56643425164326,5.50780985776373,207641073.0,1194573423.0
425,510500.XSHG,2023-10-10,5.541446805071657,5.5087709134011,5.56643425164326,5.503965635214253,121687633.0,699428031.0
426,510500.XSHG,2023-10-11,5.530875193060594,5.503965635214253,5.5577847509069365,5.49243296756582,355273505.0,2037223625.0
427,510500.XSHG,2023-10-12,5.531836248697964,5.5452910276211345,5.553940528357459,5.5174204141374235,223699144.0,1289381469.0
428,510500.XSHG,2023-10-13,5.5222256923242705,5.516459358500054,5.5222256923242705,5.500121412664775,170087285.0,975045644.0
429,510500.XSHG,2023-10-16,5.516459358500054,5.4616791871700014,5.518381469774793,5.440535963147875,194104657.0,1104363923.0
430,510500.XSHG,2023-10-17,5.468406576631587,5.472250799181064,5.473211854818434,5.436691740598398,198775831.0,1129134383.0
431,510500.XSHG,2023-10-18,5.462640242807371,5.406899015839949,5.46360129844474,5.397288459466255,195835502.0,1104820789.0
432,510500.XSHG,2023-10-19,5.386716847455193,5.344430399410941,5.4136264053015335,5.332897731762509,257756922.0,1441578583.0
433,510500.XSHG,2023-10-20,5.325209286663554,5.307910285190905,5.354040955784634,5.2896502280808875,243978901.0,1350522109.0
434,510500.XSHG,2023-10-23,5.294455506267735,5.166635106497612,5.298299728817212,5.148375049387594,505711261.0,2730233385.0
435,510500.XSHG,2023-10-24,5.184895163607629,5.228142667289251,5.24255850184979,5.167596162134981,613668043.0,3327012451.0
436,510500.XSHG,2023-10-25,5.268507004058763,5.2540911694982215,5.30214395136669,5.253130113860853,315951907.0,1734052334.0
437,510500.XSHG,2023-10-26,5.2339090011134655,5.277156504795086,5.291572339355627,5.2185321109155565,220579915.0,1204548961.0
438,510500.XSHG,2023-10-27,5.25697433641033,5.377106291081499,5.395366348191517,5.255052225135592,401735236.0,2229846831.0
439,510500.XSHG,2023-10-30,5.357885178334112,5.420353794763119,5.439574907510506,5.353079900147265,290763365.0,1635597914.0
440,510500.XSHG,2023-10-31,5.418431683488381,5.407860071477318,5.429003295499443,5.382872624905715,212299768.0,1193302494.0
441,510500.XSHG,2023-11-01,5.432847518048921,5.396327403828886,5.432847518048921,5.373262068532021,121710894.0,682839727.0
442,510500.XSHG,2023-11-02,5.401132682015732,5.347313566323049,5.418431683488381,5.3425082881362025,144900219.0,809851892.0
443,510500.XSHG,2023-11-03,5.348274621960418,5.386716847455193,5.422275906037858,5.347313566323049,351771209.0,1974546863.0
444,510500.XSHG,2023-11-06,5.420353794763119,5.47801713300528,5.484744522466865,5.420353794763119,404905375.0,2303258966.0
445,510500.XSHG,2023-11-07,5.465523409719479,5.486666633741604,5.5097319690384685,5.455912853345785,199187843.0,1135660661.0
446,510500.XSHG,2023-11-08,5.47801713300528,5.482822411192127,5.5097319690384685,5.456873908983154,209841519.0,1197799593.0
447,510500.XSHG,2023-11-09,5.47801713300528,5.471289743543695,5.519342525412163,5.458796020257893,211794007.0,1207443585.0
448,510500.XSHG,2023-11-10,5.458796020257893,5.452068630796308,5.459757075895262,5.427081184224705,202518880.0,1147581005.0
449,510500.XSHG,2023-11-13,5.458796020257893,5.4818613555547575,5.484744522466865,5.437652796235768,226143951.0,1284047766.0
450,510500.XSHG,2023-11-14,5.4818613555547575,5.5049266908516215,5.516459358500054,5.473211854818434,240446325.0,1375112983.0
451,510500.XSHG,2023-11-15,5.548174194533242,5.540485749434287,5.565473196005891,5.523186747961639,218542945.0,1259417788.0
452,510500.XSHG,2023-11-16,5.527992026148486,5.484744522466865,5.530875193060594,5.482822411192127,172044133.0,985662358.0
453,510500.XSHG,2023-11-17,5.467445520994217,5.503004579576883,5.5049266908516215,5.465523409719479,206916279.0,1181257982.0
454,510500.XSHG,2023-11-20,5.505887746488991,5.533758359972702,5.547213138895874,5.479939244280019,214658754.0,1230682071.0
455,510500.XSHG,2023-11-21,5.544329971983765,5.5174204141374235,5.573161641104846,5.505887746488991,170574268.0,984121338.0
456,510500.XSHG,2023-11-22,5.499160357027407,5.447263352609461,5.519342525412163,5.445341241334723,252113494.0,1439011385.0
457,510500.XSHG,2023-11-23,5.440535963147875,5.496277190115298,5.505887746488991,5.420353794763119,226519246.0,1289509832.0
458,510500.XSHG,2023-11-24,5.4972382457526665,5.452068630796308,5.4972382457526665,5.431886462411551,336445563.0,1911176710.0
459,510500.XSHG,2023-11-27,5.437652796235768,5.438613851873137,5.457834964620524,5.403054793290471,174435221.0,985194828.0
460,510500.XSHG,2023-11-28,5.435730684961029,5.46360129844474,5.473211854818434,5.399210570740994,178045769.0,1007063990.0
461,510500.XSHG,2023-11-29,5.458796020257893,5.435730684961029,5.467445520994217,5.420353794763119,122994324.0,697041350.0
462,510500.XSHG,2023-11-30,5.43476962932366,5.417470627851011,5.436691740598398,5.381911569268345,167008893.0,940425344.0
463,510500.XSHG,2023-12-01,5.411704294026795,5.443419130059984,5.455912853345785,5.394405292554147,148748725.0,838384283.0
464,510500.XSHG,2023-12-04,5.446302296972092,5.431886462411551,5.466484465356848,5.430925406774182,156572665.0,887198376.0
465,510500.XSHG,2023-12-05,5.420353794763119,5.348274621960418,5.420353794763119,5.344430399410941,181560826.0,1017329288.0
466,510500.XSHG,2023-12-06,5.341547232498833,5.359807289608851,5.395366348191517,5.326170342300923,190433199.0,1062133386.0
467,510500.XSHG,2023-12-07,5.351157788872526,5.364612567795697,5.383833680543084,5.317520841564599,257899824.0,1435752959.0
468,510500.XSHG,2023-12-08,5.3626904565209585,5.376145235444129,5.401132682015732,5.359807289608851,250044105.0,1400010203.0
469,510500.XSHG,2023-12-11,5.352118844509896,5.435730684961029,5.455912853345785,5.31559873028986,403114528.0,2264477778.0
470,510500.XSHG,2023-12-12,5.429964351136813,5.445341241334723,5.450146519521569,5.41939273912575,181481656.0,1026398177.0
471,510500.XSHG,2023-12-13,5.436691740598398,5.388638958729931,5.436691740598398,5.380950513630976,212535853.0,1196368682.0
472,510500.XSHG,2023-12-14,5.406899015839949,5.3703789016199135,5.437652796235768,5.359807289608851,281872693.0,1583535248.0
473,510500.XSHG,2023-12-15,5.381911569268345,5.328092453575661,5.397288459466255,5.311754507740384,347047229.0,1931426648.0
474,510500.XSHG,2023-12-18,5.305027118278797,5.269468059696131,5.329053509213031,5.259857503322438,188401013.0,1036538009.0
475,510500.XSHG,2023-12-19,5.269468059696131,5.260818558959808,5.290611283718257,5.229103722926619,237321487.0,1297960196.0
476,510500.XSHG,2023-12-20,5.268507004058763,5.201233109442908,5.272351226608239,5.195466775618692,193387015.0,1050928791.0
477,510500.XSHG,2023-12-21,5.180089885420783,5.214687888366079,5.2387142793003125,5.140686604288639,325304623.0,1757574800.0
478,510500.XSHG,2023-12-22,5.209882610179233,5.19931099816817,5.248324835674007,5.173362495959197,335688525.0,1815424437.0
479,510500.XSHG,2023-12-25,5.197388886893431,5.192583608706584,5.225259500377142,5.16855721777235,313964385.0,1697294843.0
480,510500.XSHG,2023-12-26,5.189700441794477,5.147413993750225,5.191622553069215,5.1224265471786214,254351034.0,1362422437.0
481,510500.XSHG,2023-12-27,5.1502971606623325,5.1627908839481345,5.177206718508674,5.113777046442297,256857152.0,1375160915.0
482,510500.XSHG,2023-12-28,5.161829828310766,5.2617796145971765,5.2790786160698255,5.152219271937072,348719375.0,1900033209.0
483,510500.XSHG,2023-12-29,5.264662781509285,5.304066062641429,5.319442952839338,5.2579353920477,271335651.0,1496527264.0
484,510500.XSHG,2024-01-02,5.308871340828275,5.282922838619303,5.3146376746524915,5.278117560432456,309257247.0,1705665321.0
485,510500.XSHG,2024-01-03,5.276195449157718,5.276195449157718,5.30214395136669,5.248324835674007,225549747.0,1238302777.0
486,510500.XSHG,2024-01-04,5.277156504795086,5.2339090011134655,5.281000727344564,5.2060383876297545,274755534.0,1495540700.0
487,510500.XSHG,2024-01-05,5.2262205560145105,5.166635106497612,5.250246946948745,5.147413993750225,203198730.0,1099041995.0
488,510500.XSHG,2024-01-08,5.152219271937072,5.045542096189074,5.1551024388491795,5.0436199849143355,292271227.0,1547033096.0
489,510500.XSHG,2024-01-09,5.047464207463812,5.057074763837505,5.102244378793865,5.034009428540642,222079452.0,1169642672.0
490,510500.XSHG,2024-01-10,5.039775762364857,5.044581040551704,5.09647804496965,4.997489314320607,209654218.0,1101714579.0
491,510500.XSHG,2024-01-11,5.0359315398153806,5.105127545705973,5.1272318253654685,5.031126261628534,269530893.0,1426398489.0
492,510500.XSHG,2024-01-12,5.088789599870695,5.085906432958586,5.149336105024963,5.083023266046478,237771181.0,1265314829.0
493,510500.XSHG,2024-01-15,5.069568487123308,5.073412709672785,5.12530971409073,5.049386318738551,157741469.0,834370669.0
494,510500.XSHG,2024-01-16,5.060918986386984,5.068607431485939,5.090711711145433,5.0070998706943,239041191.0,1256028405.0
495,510500.XSHG,2024-01-17,5.049386318738551,4.940787031715815,5.057074763837505,4.937903864803707,198166086.0,1032494763.0
496,510500.XSHG,2024-01-18,4.935981753528968,4.945592309902661,4.952319699364247,4.807200298121476,476078766.0,2412324445.0
497,510500.XSHG,2024-01-19,4.9196438076936895,4.9071500844078875,4.960969200100571,4.896578472396825,319621772.0,1639168635.0
498,510500.XSHG,2024-01-22,4.889851082935239,4.680340953988722,4.896578472396825,4.632288172120255,374553505.0,1858414199.0
499,510500.XSHG,2024-01-23,4.655353507417119,4.755303293703531,4.777407573363026,4.614028115010237,330990310.0,1623833912.0
500,510500.XSHG,2024-01-24,4.758186460615638,4.822577188319385,4.83026563341834,4.650548229230273,344663680.0,1704636315.0
501,510500.XSHG,2024-01-25,4.822577188319385,4.964813422650049,4.9676965895621565,4.782212851549873,344570007.0,1755492249.0
502,510500.XSHG,2024-01-26,4.944631254265292,4.910033251319996,4.966735533924788,4.892734249847348,291476644.0,1497872820.0
503,510500.XSHG,2024-01-29,4.915799585144212,4.817771910132539,4.9350206978915985,4.816810854495169,196604220.0,993868410.0
504,510500.XSHG,2024-01-30,4.798550797385152,4.7197442351208645,4.831226689055709,4.69763995546137,188573563.0,937038152.0
505,510500.XSHG,2024-01-31,4.709172623109803,4.596729113537589,4.726471624582451,4.590001724076003,347048353.0,1675014482.0
506,510500.XSHG,2024-02-01,4.570780611328616,4.57943011206494,4.666886175065551,4.525610996372256,348202485.0,1665132154.0
507,510500.XSHG,2024-02-02,4.578469056427571,4.4564149904816635,4.62363867138393,4.32859459071154,384502313.0,1800219345.0
508,510500.XSHG,2024-02-05,4.440077044646385,4.358387315469991,4.497740382888545,4.181553078194031,3513023777.0,16081415892.0
509,510500.XSHG,2024-02-06,4.308412422326784,4.721666346395604,4.738004292230882,4.291113420854136,1028044408.0,4861999738.0
510,510500.XSHG,2024-02-07,4.748575904241945,5.02151570525484,5.031126261628534,4.7120557900219096,1324032575.0,6790668059.0
511,510500.XSHG,2024-02-08,5.090711711145433,5.044581040551704,5.2617796145971765,5.011905148881146,1620518153.0,8678055731.0
512,510500.XSHG,2024-02-19,5.093594878057541,5.011905148881146,5.093594878057541,4.944631254265292,1551275500.0,8095394399.0
513,510500.XSHG,2024-02-20,4.984034535397436,5.011905148881146,5.024398872166948,4.94847547681477,476352534.0,2473894419.0
514,510500.XSHG,2024-02-21,4.979229257210589,5.009021981969038,5.132037103552315,4.963852367012679,600090064.0,3156024197.0
515,510500.XSHG,2024-02-22,5.009021981969038,5.052269485650659,5.06476320893646,4.99268403613376,294842333.0,1542814976.0
516,510500.XSHG,2024-02-23,5.054191596925398,5.075334820947523,5.077256932222262,4.99172298049639,322514001.0,1689915433.0
517,510500.XSHG,2024-02-26,5.06476320893646,5.06572426457383,5.132998159189684,5.036892595452749,386846763.0,2047977912.0
518,510500.XSHG,2024-02-27,5.055152652562767,5.187778330519737,5.189700441794477,5.040736818002228,367087177.0,1958600148.0
519,510500.XSHG,2024-02-28,5.188739386157106,5.054191596925398,5.2588964476850695,5.052269485650659,480342901.0,2584556893.0
520,510500.XSHG,2024-02-29,5.036892595452749,5.219493166552926,5.231986889838727,5.036892595452749,634747231.0,3414044458.0
521,510500.XSHG,2024-03-01,5.211804721453971,5.2540911694982215,5.264662781509285,5.195466775618692,334137323.0,1818468534.0
522,510500.XSHG,2024-03-04,5.248324835674007,5.252169058223483,5.271390170970871,5.192583608706584,434066307.0,2365113919.0
523,510500.XSHG,2024-03-05,5.222376333465034,5.2262205560145105,5.2617796145971765,5.207960498904493,1437463361.0,7835337665.0
524,510500.XSHG,2024-03-06,5.2185321109155565,5.221415277827664,5.281961782981933,5.172401440321828,319771339.0,1739577363.0
525,510500.XSHG,2024-03-07,5.220454222190296,5.154141383211811,5.260818558959808,5.148375049387594,250232901.0,1355027777.0
526,510500.XSHG,2024-03-08,5.160868772673395,5.222376333465034,5.240636390575052,5.144530826838117,305053565.0,1647750286.0
527,510500.XSHG,2024-03-11,5.220454222190296,5.320404008476707,5.323287175388815,5.211804721453971,399184080.0,2185225020.0
528,510500.XSHG,2024-03-12,5.319442952839338,5.290611283718257,5.347313566323049,5.255052225135592,417768877.0,2302873871.0
529,510500.XSHG,2024-03-13,5.291572339355627,5.282922838619303,5.332897731762509,5.25697433641033,346804749.0,1909456399.0
530,510500.XSHG,2024-03-14,5.274273337882979,5.260818558959808,5.31559873028986,5.221415277827664,318194497.0,1744951635.0
531,510500.XSHG,2024-03-15,5.250246946948745,5.332897731762509,5.333858787399878,5.225259500377142,511545115.0,2803900784.0
532,510500.XSHG,2024-03-18,5.335780898674616,5.401132682015732,5.40497690456521,5.325209286663554,323205440.0,1802999075.0
533,510500.XSHG,2024-03-19,5.391522125642039,5.344430399410941,5.396327403828886,5.340586176861464,275607204.0,1540655668.0
534,510500.XSHG,2024-03-20,5.34539145504831,5.357885178334112,5.373262068532021,5.327131397938293,188309128.0,1048538572.0
535,510500.XSHG,2024-03-21,5.3703789016199135,5.33193667612514,5.380950513630976,5.321365064114077,243439887.0,1354248800.0
536,510500.XSHG,2024-03-22,5.33097562048777,5.252169058223483,5.33193667612514,5.225259500377142,246963313.0,1352646428.0
537,510500.XSHG,2024-03-25,5.2464027243992675,5.174323551596567,5.271390170970871,5.164712995222873,270556209.0,1470479128.0
538,510500.XSHG,2024-03-26,5.176245662871305,5.151258216299702,5.197388886893431,5.117621268991775,475166784.0,2550111826.0
539,510500.XSHG,2024-03-27,5.149336105024963,5.032087317265903,5.149336105024963,5.029204150353794,340223481.0,1803119168.0
540,510500.XSHG,2024-03-28,5.034970484178011,5.09647804496965,5.152219271937072,5.034970484178011,355523602.0,1885426261.0
541,510500.XSHG,2024-03-29,5.088789599870695,5.161829828310766,5.165674050860242,5.082062210409109,383143358.0,2042485157.0
542,510500.XSHG,2024-04-01,5.177206718508674,5.270429115333501,5.2790786160698255,5.176245662871305,406410272.0,2217313497.0
543,510500.XSHG,2024-04-02,5.269468059696131,5.249285891311375,5.275234393520348,5.219493166552926,332181348.0,1812871679.0
544,510500.XSHG,2024-04-03,5.24351955748716,5.2464027243992675,5.253130113860853,5.216609999640817,397798545.0,2167619898.0
545,510500.XSHG,2024-04-08,5.237753223662944,5.169518273409719,5.252169058223483,5.165674050860242,329327164.0,1785032805.0
546,510500.XSHG,2024-04-09,5.164712995222873,5.212765777091341,5.214687888366079,5.159907717036026,178672125.0,964306442.0
547,510500.XSHG,2024-04-10,5.209882610179233,5.152219271937072,5.209882610179233,5.112815990804928,197575440.0,1061909146.0
548,510500.XSHG,2024-04-11,5.128192881002838,5.176245662871305,5.229103722926619,5.117621268991775,303801038.0,1641704048.0
549,510500.XSHG,2024-04-12,5.176245662871305,5.148375049387594,5.213726832728709,5.138764493013901,312291283.0,1679792228.0
550,510500.XSHG,2024-04-15,5.141647659926008,5.216609999640817,5.2512080025861145,5.09647804496965,315115758.0,1702167108.0
551,510500.XSHG,2024-04-16,5.185856219244998,5.074373765310154,5.217571055278187,5.058035819474875,390514610.0,2085941389.0
552,510500.XSHG,2024-04-17,5.082062210409109,5.209882610179233,5.212765777091341,5.082062210409109,383342457.0,2058459036.0
553,510500.XSHG,2024-04-18,5.19931099816817,5.219493166552926,5.285806005531411,5.167596162134981,340317599.0,1851687972.0
554,510500.XSHG,2024-04-19,5.202194165080278,5.18393410797026,5.2387142793003125,5.160868772673395,357334000.0,1930070728.0
555,510500.XSHG,2024-04-22,5.176245662871305,5.140686604288639,5.2185321109155565,5.132037103552315,195848884.0,1052433481.0
556,510500.XSHG,2024-04-23,5.13972554865127,5.08110115477174,5.164712995222873,5.070529542760677,189016313.0,1003085449.0
557,510500.XSHG,2024-04-24,5.089750655508064,5.140686604288639,5.141647659926008,5.055152652562767,177145409.0,940284676.0
558,510500.XSHG,2024-04-25,5.1224265471786214,5.132998159189684,5.175284607233936,5.103205434431234,192666420.0,1029843330.0
559,510500.XSHG,2024-04-26,5.138764493013901,5.248324835674007,5.2617796145971765,5.137803437376531,797079505.0,4329716776.0
560,510500.XSHG,2024-04-29,5.256013280772962,5.350196733235157,5.368456790345175,5.252169058223483,566641471.0,3138793820.0
561,510500.XSHG,2024-04-30,5.348274621960418,5.313676619015122,5.357885178334112,5.310793452103013,276703817.0,1535170863.0
562,510500.XSHG,2024-05-06,5.381911569268345,5.395366348191517,5.410743238389426,5.371339957257283,512966950.0,2877857689.0
563,510500.XSHG,2024-05-07,5.391522125642039,5.394405292554147,5.411704294026795,5.37518417980676,228932748.0,1284759439.0
564,510500.XSHG,2024-05-08,5.391522125642039,5.326170342300923,5.391522125642039,5.322326119751446,397556965.0,2209922264.0
565,510500.XSHG,2024-05-09,5.323287175388815,5.423236961675228,5.442458074422615,5.323287175388815,297007902.0,1671070310.0
566,510500.XSHG,2024-05-10,5.427081184224705,5.40401584892784,5.445341241334723,5.364612567795697,512157859.0,2872238383.0
567,510500.XSHG,2024-05-13,5.368456790345175,5.376145235444129,5.401132682015732,5.33193667612514,327222804.0,1826421973.0
568,510500.XSHG,2024-05-14,5.37518417980676,5.3703789016199135,5.416509572213642,5.353079900147265,268740363.0,1503325676.0
569,510500.XSHG,2024-05-15,5.3703789016199135,5.323287175388815,5.3703789016199135,5.311754507740384,273196924.0,1518528125.0
570,510500.XSHG,2024-05-16,5.338664065586724,5.298299728817212,5.359807289608851,5.281000727344564,238365319.0,1319818161.0
571,510500.XSHG,2024-05-17,5.310990777989296,5.374460974821306,5.377390368521246,5.292437951223016,515166666.0,2813505491.0
572,510500.XSHG,2024-05-20,5.377390368521246,5.3939902661542325,5.417425415753744,5.362743400021551,532273637.0,2938657577.0
573,510500.XSHG,2024-05-21,5.3764139039545995,5.35493168348838,5.388131478754355,5.335402392155455,280856921.0,1541428580.0
574,510500.XSHG,2024-05-22,5.350049360655149,5.349072896088503,5.363719864588197,5.332472998455516,229600047.0,1257466353.0
575,510500.XSHG,2024-05-23,5.3363788567221,5.2563087622571025,5.3363788567221,5.23580300635753,399242188.0,2157056181.0
576,510500.XSHG,2024-05-24,5.234826541790883,5.205532604791495,5.289508557523077,5.19869735282497,209220060.0,1123114671.0
577,510500.XSHG,2024-05-27,5.2192031087245425,5.2563087622571025,5.260214620523688,5.16940341582558,242554687.0,1295755500.0
578,510500.XSHG,2024-05-28,5.250449974857225,5.2104149276247265,5.252402903990517,5.19869735282497,214628386.0,1148740742.0
579,510500.XSHG,2024-05-29,5.204556140224848,5.221156037857836,5.259238155957042,5.199673817391616,314356143.0,1685053739.0
580,510500.XSHG,2024-05-30,5.221156037857836,5.2104149276247265,5.248497045723933,5.192838565425092,202574800.0,1082625287.0
581,510500.XSHG,2024-05-31,5.221156037857836,5.2094384630580794,5.259238155957042,5.206509069358141,302109474.0,1617830981.0
582,510500.XSHG,2024-06-03,5.203579675658202,5.16940341582558,5.21725017959125,5.129368368593082,297309330.0,1573165845.0
583,510500.XSHG,2024-06-04,5.164521092992349,5.2387324000574695,5.255332297690456,5.148897659926008,231804831.0,1236260806.0
584,510500.XSHG,2024-06-05,5.2387324000574695,5.182097455191983,5.2465441165906395,5.179168061492044,186286630.0,995937984.0
585,510500.XSHG,2024-06-06,5.19869735282497,5.144991801659423,5.214320785891311,5.120580187493265,253454271.0,1341265379.0
586,510500.XSHG,2024-06-07,5.166474022125643,5.120580187493265,5.179168061492044,5.089333321360583,274324557.0,1440518368.0
587,510500.XSHG,2024-06-11,5.103980289860278,5.132297762293021,5.150850589059301,5.076639281994181,187721605.0,982239469.0
588,510500.XSHG,2024-06-12,5.121556652059912,5.146944730792716,5.163544628425703,5.11960372292662,189393224.0,998194127.0
589,510500.XSHG,2024-06-13,5.1547564473258864,5.120580187493265,5.158662305592472,5.105933218993571,195207821.0,1024633279.0
590,510500.XSHG,2024-06-14,5.111792006393449,5.144991801659423,5.165497557558996,5.0912862504938765,314198375.0,1650786376.0
591,510500.XSHG,2024-06-17,5.123509581193204,5.1274154394597895,5.148897659926008,5.115697864660033,144054083.0,757577688.0
592,510500.XSHG,2024-06-18,5.131321297726375,5.153779982759239,5.171356344958874,5.131321297726375,248072931.0,1309362390.0
593,510500.XSHG,2024-06-19,5.162568163859056,5.10105089616034,5.167450486692288,5.095192108760461,197302615.0,1033228122.0
594,510500.XSHG,2024-06-20,5.096168573327108,5.024886659961926,5.111792006393449,5.020004337128695,173975509.0,900567952.0
595,510500.XSHG,2024-06-21,5.018051407995403,5.033674841061743,5.059062919794548,5.008286762328939,266172134.0,1372701498.0
596,510500.XSHG,2024-06-24,5.019027872562049,4.928216667863941,5.019027872562049,4.917475557630832,832073610.0,4219239878.0
597,510500.XSHG,2024-06-25,4.93114606156388,4.885252226931504,4.945793030063576,4.847170108832298,541447501.0,2717880474.0
598,510500.XSHG,2024-06-26,4.874511116698394,4.9526282820300995,4.962392927696563,4.853028896232176,380046941.0,1907111299.0
599,510500.XSHG,2024-06-27,4.9340754552638195,4.87060525843181,4.939934242663697,4.866699400165224,643405801.0,3221419468.0
600,510500.XSHG,2024-06-28,4.860840612765346,4.87841697496498,4.945793030063576,4.854981825365469,414831703.0,2085352184.0
601,510500.XSHG,2024-07-01,4.87841697496498,4.936028384397112,4.958487069429977,4.863770006465285,309552714.0,1557013366.0
602,510500.XSHG,2024-07-02,4.9330989906971725,4.891111014331382,4.937981313530405,4.872558187565102,199828434.0,1003940421.0
603,510500.XSHG,2024-07-03,4.885252226931504,4.84912303796559,4.895993337164613,4.843264250565713,187512343.0,934475788.0
604,510500.XSHG,2024-07-04,4.862793541898639,4.779794053733702,4.871581722998456,4.771005872633886,510761294.0,2514631260.0
605,510500.XSHG,2024-07-05,4.77491173090047,4.8139703135663225,4.824711423799433,4.744641329334435,208454223.0,1020397247.0
606,510500.XSHG,2024-07-08,4.799323345066628,4.733900219101325,4.803229203333213,4.717300321468338,234362756.0,1139285363.0
607,510500.XSHG,2024-07-09,4.726088502568155,4.819829100966201,4.840334856865773,4.699723959268704,340776622.0,1665121351.0
608,510500.XSHG,2024-07-10,4.810064455299738,4.792488093100104,4.840334856865773,4.790535163966811,189594156.0,934688474.0
609,510500.XSHG,2024-07-11,4.847170108832298,4.889158085198089,4.8969698017312595,4.817876171832909,285178608.0,1421153966.0
610,510500.XSHG,2024-07-12,4.881346368664918,4.86767586473187,4.889158085198089,4.855958289932114,150886840.0,753015882.0
611,510500.XSHG,2024-07-15,4.853028896232176,4.8325231403326026,4.860840612765346,4.8237349592327865,454559832.0,2254993090.0
612,510500.XSHG,2024-07-16,4.8227584946661395,4.84912303796559,4.864746471031932,4.806158597033153,218752633.0,1082677266.0
613,510500.XSHG,2024-07-17,4.845217179699005,4.81494677813297,4.855958289932114,4.810064455299738,614772692.0,3038141458.0
614,510500.XSHG,2024-07-18,4.801276274199921,4.837405463165834,4.839358392299127,4.751476581300959,474545491.0,2327743494.0
615,510500.XSHG,2024-07-19,4.81201738443303,4.829593746632664,4.860840612765346,4.798346880499982,617663569.0,3056884867.0
616,510500.XSHG,2024-07-22,4.831546675765957,4.817876171832909,4.848146573398944,4.789558699400166,304301393.0,1503144331.0
617,510500.XSHG,2024-07-23,4.81494677813297,4.681171132502424,4.835452534032542,4.679218203369132,244209927.0,1186496610.0
618,510500.XSHG,2024-07-24,4.6753123451025465,4.625512652203585,4.69581810100212,4.618677400237061,325232022.0,1550710345.0
619,510500.XSHG,2024-07-25,4.612818612837183,4.619653864803706,4.670430022269315,4.597195179770842,266030282.0,1260269705.0
620,510500.XSHG,2024-07-26,4.621606793936999,4.69288870730218,4.706559211235229,4.6206303293703535,241519194.0,1156705053.0
621,510500.XSHG,2024-07-29,4.688006384468949,4.66359477030279,4.699723959268704,4.660665376602852,146991055.0,703462287.0
622,510500.XSHG,2024-07-30,4.654806589202974,4.659688912036206,4.676288809669193,4.606959825437305,233860704.0,1113782436.0
623,510500.XSHG,2024-07-31,4.659688912036206,4.857911219065406,4.8598641481987,4.64504194353651,556947116.0,2729524972.0
624,510500.XSHG,2024-08-01,4.857911219065406,4.8139703135663225,4.89404040803132,4.790535163966811,350412231.0,1736710637.0
625,510500.XSHG,2024-08-02,4.778817589167056,4.7495236521676665,4.838381927732481,4.739759006501203,223595554.0,1094886544.0
626,510500.XSHG,2024-08-05,4.726088502568155,4.657735982902913,4.810064455299738,4.650900730936389,415275119.0,2006387779.0
627,510500.XSHG,2024-08-06,4.705582746668582,4.707535675801875,4.737806077367911,4.653830124636328,261612049.0,1257819187.0
628,510500.XSHG,2024-08-07,4.704606282101936,4.709488604935168,4.747570723034374,4.6753123451025465,239167673.0,1153900681.0
629,510500.XSHG,2024-08-08,4.697771030135412,4.719253250601631,4.757335368700836,4.662618305736145,232784771.0,1123948107.0
630,510500.XSHG,2024-08-09,4.743664864767788,4.679218203369132,4.769052943500593,4.676288809669193,216709941.0,1045691875.0
631,510500.XSHG,2024-08-12,4.67726527423584,4.681171132502424,4.702653352968643,4.654806589202974,202717348.0,971596688.0
632,510500.XSHG,2024-08-13,4.681171132502424,4.690935778168888,4.69581810100212,4.6391831561366335,190088477.0,909001809.0
633,510500.XSHG,2024-08-14,4.69288870730218,4.625512652203585,4.69288870730218,4.623559723070292,216218720.0,1028267910.0
634,510500.XSHG,2024-08-15,4.612818612837183,4.661641841169498,4.7124179986351065,4.608912754570597,537135070.0,2568201561.0
635,510500.XSHG,2024-08-16,4.659688912036206,4.634300833303402,4.673359415969253,4.628442045903523,793005347.0,3772598348.0
636,510500.XSHG,2024-08-19,4.6294185104701695,4.642112549836572,4.696794565568765,4.627465581336877,275948225.0,1318518497.0
637,510500.XSHG,2024-08-20,4.649924266369742,4.562042455371574,4.649924266369742,4.548371951438527,350860297.0,1645311054.0
638,510500.XSHG,2024-08-21,4.557160132538343,4.553254274271758,4.572783565604683,4.54739548687188,132002140.0,616166150.0
639,510500.XSHG,2024-08-22,4.55520720340505,4.498572258539564,4.56301891993822,4.489784077439747,402325228.0,1862544630.0
640,510500.XSHG,2024-08-23,4.494666400272979,4.4995487231062095,4.517125085305844,4.4819723609065765,158426320.0,729871103.0
641,510500.XSHG,2024-08-26,4.503454581372796,4.504431045939442,4.52591326640566,4.487831148306454,100972381.0,465849599.0
642,510500.XSHG,2024-08-27,4.488807612873101,4.459513675873712,4.496619329406272,4.456584282173773,233991849.0,1071409551.0
643,510500.XSHG,2024-08-28,4.458537211307065,4.460490140440357,4.496619329406272,4.447796101073956,272342430.0,1246905088.0
644,510500.XSHG,2024-08-29,4.448772565640602,4.522983872705721,4.545442557738587,4.440960849107431,436529189.0,2017728795.0
645,510500.XSHG,2024-08-30,4.5190780144391365,4.601101038037426,4.6743358805359,4.515172156172551,698948005.0,3302514338.0
646,510500.XSHG,2024-09-02,4.589383463237671,4.508336904206027,4.598171644337487,4.506383975072735,436203651.0,2030627748.0
647,510500.XSHG,2024-09-03,4.50736043963938,4.5561836679716965,4.579618817571208,4.506383975072735,294458558.0,1371818907.0
648,510500.XSHG,2024-09-04,4.530795589238892,4.54446609317194,4.589383463237671,4.513219227039259,221212081.0,1031221663.0
649,510500.XSHG,2024-09-05,4.569854171904744,4.564971849071513,4.597195179770842,4.545442557738587,169528240.0,792815040.0
650,510500.XSHG,2024-09-06,4.579618817571208,4.502478116806149,4.582548211271146,4.495642864839625,226819157.0,1052496941.0
651,510500.XSHG,2024-09-09,4.4917370065730395,4.470254786106821,4.511266297905966,4.453654888473833,180337389.0,827354731.0
652,510500.XSHG,2024-09-10,4.479042967206637,4.468301856973528,4.494666400272979,4.394090549908409,277534623.0,1261403388.0
653,510500.XSHG,2024-09-11,4.448772565640602,4.480019431773284,4.495642864839625,4.441937313674078,179262141.0,820704028.0
654,510500.XSHG,2024-09-12,4.487831148306454,4.46244306957365,4.535677912072123,4.458537211307065,242441588.0,1114419442.0
655,510500.XSHG,2024-09-13,4.466348927840236,4.415572770374627,4.475137108940053,4.413619841241334,185817537.0,846641887.0
656,510500.XSHG,2024-09-18,4.420455093207859,4.430219738874322,4.442913778240724,4.357961360942495,210092352.0,946728410.0
657,510500.XSHG,2024-09-19,4.439007919974139,4.4917370065730395,4.534701447505477,4.3999493373082865,429681415.0,1972744331.0
658,510500.XSHG,2024-09-20,4.477090038073345,4.460490140440357,4.4819723609065765,4.435102061707553,265126032.0,1210706857.0
659,510500.XSHG,2024-09-23,4.451701959340541,4.459513675873712,4.514195691605905,4.442913778240724,250389410.0,1147856830.0
660,510500.XSHG,2024-09-24,4.511266297905966,4.6665241640027295,4.6675006285693765,4.471231250673467,862258625.0,4049151593.0
661,510500.XSHG,2024-09-25,4.735853148234618,4.699723959268704,4.812993848999677,4.688006384468949,706931216.0,3436075305.0
662,510500.XSHG,2024-09-26,4.68214759706907,4.94188717179699,4.947745959196868,4.681171132502424,1178956988.0,5826198165.0
663,510500.XSHG,2024-09-27,5.021957266261987,5.363719864588197,5.435001777953378,4.984851612729428,619922303.0,3254160732.0
664,510500.XSHG,2024-09-30,5.652753376315506,5.853905077044646,5.899798911677022,5.371531581121368,1986237264.0,11428173744.0
665,510500.XSHG,2024-10-08,6.439783817032434,6.098997683272871,6.439783817032434,5.854881541611293,2569826706.0,16143442550.0
666,510500.XSHG,2024-10-09,5.898822447110377,5.725011754247333,6.038456880140799,5.635177014115872,1362474439.0,8146262204.0
667,510500.XSHG,2024-10-10,5.731847006213857,5.652753376315506,5.8460933605114755,5.564871565317338,729227227.0,4265719720.0
668,510500.XSHG,2024-10-11,5.597094896016666,5.425237132286915,5.616624187349592,5.355908148055027,786597435.0,4410523895.0
669,510500.XSHG,2024-10-14,5.438907636219963,5.559012777917459,5.582447927516971,5.361766935454904,759865177.0,4258265624.0
670,510500.XSHG,2024-10-15,5.5219071243849,5.420354809453683,5.614671258216299,5.409613699220574,753137968.0,4249769953.0
671,510500.XSHG,2024-10-16,5.367625722854783,5.415472486620452,5.51116601415179,5.3578610771883195,572479492.0,3180013532.0
672,510500.XSHG,2024-10-17,5.444766423619841,5.372508045688014,5.500424903918681,5.370555116554721,648696583.0,3600944227.0
673,510500.XSHG,2024-10-18,5.3754374393879525,5.601977218849898,5.7914113447792825,5.367625722854783,1139253553.0,6508900658.0
674,510500.XSHG,2024-10-21,5.6254123684494095,5.656659234582091,5.752352762113429,5.583424392083618,695818015.0,4039396269.0
675,510500.XSHG,2024-10-22,5.6439651952156895,5.708411856614346,5.730870541647211,5.623459439316116,431980365.0,2512260916.0
676,510500.XSHG,2024-10-23,5.708411856614346,5.730870541647211,5.81582295894544,5.682047313314895,487225036.0,2869287064.0
677,510500.XSHG,2024-10-24,5.700600140081176,5.681070848748249,5.714270644014224,5.646894588915628,352188600.0,2047595636.0
678,510500.XSHG,2024-10-25,5.690835494414713,5.767976195179771,5.805081848712331,5.684000242448188,387343220.0,2279652915.0
679,510500.XSHG,2024-10-28,5.761140943213247,5.834375785711719,5.837305179411659,5.737705793613736,532102890.0,3164122317.0
680,510500.XSHG,2024-10-29,5.849022754211415,5.776764376279588,5.87148143924428,5.757235084946661,604760363.0,3594788619.0
681,510500.XSHG,2024-10-30,5.7601644786466,5.794340738479222,5.826564069178549,5.727941147947272,693021723.0,4100942113.0
682,510500.XSHG,2024-10-31,5.786529021946051,5.858787399877878,5.902728305376962,5.7630938723465395,624241297.0,3733061867.0
683,510500.XSHG,2024-11-01,5.849999218778061,5.806058313278977,5.885151943177329,5.757235084946661,391125913.0,2334815277.0
684,510500.XSHG,2024-11-04,5.806058313278977,5.891010730577206,5.892963659710499,5.802152455012392,268483775.0,1607401489.0
685,510500.XSHG,2024-11-05,5.8919871951438525,6.069703746273482,6.093138895872993,5.862693258144462,575097850.0,3534847123.0
686,510500.XSHG,2024-11-06,6.073609604540066,6.0765389982400055,6.158562021838296,6.034551021874214,501323548.0,3130969726.0
687,510500.XSHG,2024-11-07,6.044315667540678,6.193714746237563,6.200549998204087,6.024786376207751,438040030.0,2740324323.0
688,510500.XSHG,2024-11-08,6.250349691103049,6.1771148486045755,6.286478880068962,6.156609092705003,562358322.0,3581736098.0
689,510500.XSHG,2024-11-11,6.138056265938723,6.280620092669086,6.283549486369024,6.134150407672138,490475345.0,3121900349.0
690,510500.XSHG,2024-11-12,6.288431809202256,6.222032218670306,6.329443321001401,6.160514950971589,434782686.0,2783409078.0
691,510500.XSHG,2024-11-13,6.184926565137746,6.203479391904026,6.225938076936892,6.1136446517725656,281638596.0,1780235956.0
692,510500.XSHG,2024-11-14,6.193714746237563,6.035527486440861,6.193714746237563,6.024786376207751,520791857.0,3248174939.0
693,510500.XSHG,2024-11-15,6.023809911641105,5.87929315577745,6.0482215258072625,5.877340226644158,754145798.0,4604995527.0
694,510500.XSHG,2024-11-18,5.888081336877267,5.7914113447792825,5.925186990409827,5.752352762113429,645407281.0,3866600959.0
695,510500.XSHG,2024-11-19,5.794340738479222,5.882222549477389,5.887104872310621,5.7357528644804425,703941083.0,4200800286.0
696,510500.XSHG,2024-11-20,5.868552045544341,5.941786888042815,5.965222037642326,5.849022754211415,538751198.0,3258601169.0
697,510500.XSHG,2024-11-21,5.931045777809705,5.936904565209583,5.960339714809095,5.8919871951438525,189321420.0,1149490700.0
698,510500.XSHG,2024-11-22,5.925186990409827,5.702553069214468,5.931045777809705,5.6986472109478825,263317898.0,1567370019.0
699,510500.XSHG,2024-11-25,5.7172000377141625,5.687906100714773,5.726964683380626,5.621506510182823,228601112.0,1330469443.0
700,510500.XSHG,2024-11-26,5.673259132215078,5.648847518048921,5.725011754247333,5.6439651952156895,189972212.0,1105373414.0
701,510500.XSHG,2024-11-27,5.645918124348982,5.757235084946661,5.767976195179771,5.565848029883984,340214303.0,1974646675.0
702,510500.XSHG,2024-11-28,5.750399832980137,5.720129431414101,5.77871730541288,5.701576604647822,262295044.0,1542257518.0
703,510500.XSHG,2024-11-29,5.715247108580869,5.804105384145684,5.861716793577817,5.693764888114651,404434611.0,2400334450.0
704,510500.XSHG,2024-12-02,5.806058313278977,5.893940124277145,5.919328203009949,5.7992230613124525,365344838.0,2198082089.0
705,510500.XSHG,2024-12-03,5.895893053410438,5.884175478610682,5.915422344743364,5.836328714845013,297041058.0,1786279165.0
706,510500.XSHG,2024-12-04,5.878316691210804,5.840234573111598,5.899798911677022,5.80801124241227,264341826.0,1582832037.0
707,510500.XSHG,2024-12-05,5.824611140045257,5.856834470744586,5.880269620344097,5.80801124241227,195504675.0,1170127566.0
708,510500.XSHG,2024-12-06,5.854881541611293,5.932998706942997,5.974010218742143,5.8275405337451955,535886213.0,3246628869.0
709,510500.XSHG,2024-12-09,5.932022242376352,5.900775376243669,5.954480927409216,5.862693258144462,403153405.0,2440193600.0
710,510500.XSHG,2024-12-10,6.132197478538846,5.951551533709277,6.135126872238785,5.933975171509644,555232638.0,3428981363.0
711,510500.XSHG,2024-12-11,5.9378810297762294,5.996468903775008,6.008186478574763,5.93495163607629,561392321.0,3442316136.0
712,510500.XSHG,2024-12-12,5.995492439208362,6.051150919507202,6.069703746273482,5.978892541575375,429346652.0,2651723763.0
713,510500.XSHG,2024-12-13,5.993539510075069,5.955457391975863,6.015998195107934,5.936904565209583,777919598.0,4752739365.0
714,510500.XSHG,2024-12-16,5.9466692108760455,5.863669722711109,5.953504462842571,5.845116895944829,453326426.0,2728886124.0
715,510500.XSHG,2024-12-17,5.859763864444525,5.801175990445746,5.876363762077511,5.792387809345929,441230110.0,2629190849.0
716,510500.XSHG,2024-12-18,5.814846494378794,5.838281643978306,5.876363762077511,5.8001995258790995,266987395.0,1596610199.0
717,510500.XSHG,2024-12-19,5.7914113447792825,5.855858006177939,5.874410832944219,5.767976195179771,325478448.0,1940603791.0
718,510500.XSHG,2024-12-20,5.8460933605114755,5.867575580977695,5.907610628210193,5.838281643978306,414464259.0,2494039595.0
719,510500.XSHG,2024-12-23,5.868552045544341,5.775787911712941,5.8831990140440364,5.7718820534463555,468194897.0,2789552324.0
720,510500.XSHG,2024-12-24,5.776764376279588,5.841211037678245,5.849999218778061,5.775787911712941,446985355.0,2660178402.0
721,510500.XSHG,2024-12-25,5.84218750224489,5.792387809345929,5.84218750224489,5.745517510146906,482639295.0,2862134190.0
722,510500.XSHG,2024-12-26,5.792387809345929,5.836328714845013,5.847069825078123,5.787505486512696,274246605.0,1637401616.0
723,510500.XSHG,2024-12-27,5.826564069178549,5.849999218778061,5.932022242376352,5.826564069178549,307620621.0,1851891986.0
724,510500.XSHG,2024-12-30,5.847069825078123,5.848046289644769,5.87929315577745,5.817775888078733,188724543.0,1131333792.0
725,510500.XSHG,2024-12-31,5.848046289644769,5.674235596781725,5.857810935311231,5.671306203081786,747737923.0,4398943159.0
726,510500.XSHG,2025-01-02,5.670329738515139,5.5043307621852655,5.672282667648433,5.44769581731978,435166500.0,2480093177.0
727,510500.XSHG,2025-01-03,5.499448439352034,5.393013801587586,5.531671770051363,5.374460974821306,446132968.0,2491017173.0
728,510500.XSHG,2025-01-06,5.385202085054416,5.380319762221184,5.43695470708667,5.342237644121979,330231052.0,1820016062.0
729,510500.XSHG,2025-01-07,5.381296226787831,5.43695470708667,5.437931171653317,5.35493168348838,405535979.0,2245699727.0
730,510500.XSHG,2025-01-08,5.419378344887037,5.414496022053806,5.460389856686182,5.282673305556553,423665525.0,2328052709.0
731,510500.XSHG,2025-01-09,5.3949667307208795,5.41059016378722,5.44769581731978,5.391060872454294,268438973.0,1491120294.0
732,510500.XSHG,2025-01-10,5.406684305520635,5.3305200693222226,5.454531069286305,5.327590675622284,231356509.0,1274891586.0
733,510500.XSHG,2025-01-13,5.2836497701231995,5.3393082504220395,5.379343297654539,5.282673305556553,298582680.0,1630045186.0
734,510500.XSHG,2025-01-14,5.352002289788441,5.5219071243849,5.541436415717826,5.327590675622284,501649585.0,2806795065.0
735,510500.XSHG,2025-01-15,5.512142478718436,5.4779662188858165,5.518977730684961,5.467225108652706,435364545.0,2446449508.0
736,510500.XSHG,2025-01-16,5.500794799037391,5.495831974426206,5.5911182069609575,5.459107072303437,506827011.0,2819882907.0
737,510500.XSHG,2025-01-17,5.469032721525807,5.539504831004634,5.579207427894114,5.469032721525807,275550483.0,1535603875.0
738,510500.XSHG,2025-01-20,5.573252038360692,5.566304083905032,5.623872849394778,5.551415610071477,323408071.0,1821892696.0
739,510500.XSHG,2025-01-21,5.588140512194246,5.586155382349772,5.603028986027801,5.5256089220933164,345043012.0,1934419704.0
740,510500.XSHG,2025-01-22,5.569281778671743,5.565311518982796,5.577222298049639,5.517668402715421,321269528.0,1794710245.0
741,510500.XSHG,2025-01-23,5.607991810638986,5.542482525771344,5.681441614884523,5.538512266082397,419264125.0,2375722731.0
742,510500.XSHG,2025-01-24,5.52759405193779,5.6099769404834605,5.620895154628067,5.526601487015553,500924071.0,2819548146.0
743,510500.XSHG,2025-01-27,5.616924894939118,5.5434750906935815,5.63280593369491,5.54049739592687,488396060.0,2744942030.0
744,510500.XSHG,2025-02-05,5.596081031572142,5.566304083905032,5.601043856183327,5.54049739592687,263992775.0,1480763405.0
745,510500.XSHG,2025-02-06,5.556378434682663,5.697322653640315,5.706255737940448,5.548437915304767,467260696.0,2663508308.0
746,510500.XSHG,2025-02-07,5.7012929133292625,5.787646061563882,5.852162781509285,5.691367264106893,484232327.0,2818592532.0
747,510500.XSHG,2025-02-10,5.799556840630725,5.838266872597967,5.8471999568981,5.786653496641644,406918921.0,2387778587.0
748,510500.XSHG,2025-02-11,5.837274307675731,5.815437879386517,5.855140476275996,5.775735282497037,271155296.0,1585641173.0
749,510500.XSHG,2025-02-12,5.7955865809417775,5.891865378398765,5.898813332854424,5.7955865809417775,261595754.0,1541475241.0
750,510500.XSHG,2025-02-13,5.889880248554291,5.863080995653892,5.910724111921268,5.8422371322869155,283625467.0,1678707512.0
751,510500.XSHG,2025-02-14,5.8471999568981,5.908738982076794,5.917672066376926,5.8422371322869155,323112921.0,1916674593.0
752,510500.XSHG,2025-02-17,5.928590280521533,5.899805897776661,5.937523364821667,5.856133041198233,369269204.0,2194014236.0
753,510500.XSHG,2025-02-18,5.878962034409684,5.800549405552962,5.902783592543372,5.7668021981969035,304785110.0,1795712483.0
754,510500.XSHG,2025-02-19,5.789631191408355,5.892857943321002,5.900798462698898,5.786653496641644,318779719.0,1884120477.0
755,510500.XSHG,2025-02-20,5.890872813476527,5.907746417154557,5.930575410366007,5.870028950109551,382124186.0,2270456530.0
756,510500.XSHG,2025-02-21,5.922634890988111,6.0089880392227295,6.022883948134047,5.894843073165476,338448705.0,2037072442.0
757,510500.XSHG,2025-02-24,6.003032649689308,5.991121870622464,6.024869077978521,5.954396968499695,403427452.0,2436370003.0
758,510500.XSHG,2025-02-25,5.942486189432851,5.928590280521533,5.9901293057002265,5.910724111921268,280977591.0,1681769102.0
759,510500.XSHG,2025-02-26,5.942486189432851,6.0000549549225966,6.010973169067204,5.920649761143637,335621096.0,2018403953.0
760,510500.XSHG,2025-02-27,5.989136740777989,5.984173916166805,6.012958298911677,5.894843073165476,301350152.0,1805331282.0
761,510500.XSHG,2025-02-28,5.946456449121799,5.8233783987644125,5.955389533421932,5.803527100319673,314082054.0,1860658637.0
762,510500.XSHG,2025-03-03,5.8233783987644125,5.833304047986783,5.919657196221401,5.807497360008621,277348961.0,1636751973.0
763,510500.XSHG,2025-03-04,5.7955865809417775,5.884917423943106,5.899805897776661,5.788638626486118,202635722.0,1196761452.0
764,510500.XSHG,2025-03-05,5.887895118709817,5.899805897776661,5.90973154699903,5.837274307675731,245455110.0,1451561058.0
765,510500.XSHG,2025-03-06,5.9256125857548225,5.994099565389174,6.019906253367337,5.921642326065874,402933950.0,2427285085.0
766,510500.XSHG,2025-03-07,5.976233396788909,5.968292877411013,6.014943428756151,5.942486189432851,315709562.0,1902207429.0
767,510500.XSHG,2025-03-10,5.963330052799828,5.961344922955354,5.986159046011278,5.91667950145469,334587808.0,2005008698.0
768,510500.XSHG,2025-03-11,5.901791027621134,5.991121870622464,5.994099565389174,5.898813332854424,161729477.0,971469704.0
769,510500.XSHG,2025-03-12,6.004025214611545,5.995092130311412,6.052660895801157,5.986159046011278,204749208.0,1240478759.0
770,510500.XSHG,2025-03-13,5.985166481089042,5.944471319277325,6.003032649689308,5.895835638087713,212590985.0,1272302671.0
771,510500.XSHG,2025-03-14,5.947449014044036,6.052660895801157,6.0546460256456305,5.927597715599297,482488518.0,2926419789.0
772,510500.XSHG,2025-03-17,6.064571674868001,6.0546460256456305,6.075489889012608,6.04174268165655,383562715.0,2340981399.0
773,510500.XSHG,2025-03-18,6.066556804712475,6.080452713623793,6.120155310513272,6.062586545023526,178653636.0,1095806443.0
774,510500.XSHG,2025-03-19,6.069534499479186,6.0566311554901056,6.080452713623793,6.022883948134047,150833511.0,919429405.0
775,510500.XSHG,2025-03-20,6.053653460723394,6.014943428756151,6.059608850256816,6.009980604144966,262395578.0,1594149941.0
776,510500.XSHG,2025-03-21,5.988144175855753,5.923627455910348,6.020898818289573,5.905761287310082,245573684.0,1474689686.0
777,510500.XSHG,2025-03-24,5.9256125857548225,5.91667950145469,5.9345456700549555,5.839259437520204,231564047.0,1374750333.0
778,510500.XSHG,2025-03-25,5.912709241765741,5.8968282030099495,5.93950849466614,5.87697690456521,197802028.0,1177150085.0
779,510500.XSHG,2025-03-26,5.888887683632054,5.8968282030099495,5.938515929743903,5.888887683632054,191807836.0,1142262402.0
780,510500.XSHG,2025-03-27,5.892857943321002,5.911716676843505,5.955389533421932,5.840252002442441,212254492.0,1263097664.0
781,510500.XSHG,2025-03-28,5.908738982076794,5.865066125498366,5.927597715599297,5.853155346431523,199554199.0,1183363151.0
782,510500.XSHG,2025-03-31,5.837274307675731,5.810475054775332,5.86407356057613,5.752906289285587,181796333.0,1063186183.0
783,510500.XSHG,2025-04-01,5.820400703997701,5.8422371322869155,5.885909988865342,5.815437879386517,174093133.0,1026747613.0
784,510500.XSHG,2025-04-02,5.835289177831256,5.849185086742574,5.893850508243238,5.825363528608886,178423293.0,1053759698.0
785,510500.XSHG,2025-04-03,5.801541970475198,5.798564275708488,5.863080995653892,5.772757587730326,266477150.0,1559214350.0
786,510500.XSHG,2025-04-07,5.578214862971876,5.240742789411301,5.61990258970583,5.2189063611220865,461780129.0,2499811986.0
787,510500.XSHG,2025-04-08,5.272504866922884,5.27349743184512,5.3310661973348665,5.210965841744191,3028565373.0,16017733231.0
788,510500.XSHG,2025-04-09,5.215928666355375,5.387642397902375,5.416426780647247,5.100791135375885,353824955.0,1884304821.0
789,510500.XSHG,2025-04-10,5.462084767070149,5.493846844581732,5.567296648827269,5.460099637225675,266981767.0,1483750239.0
790,510500.XSHG,2025-04-11,5.469032721525807,5.531564311626738,5.586155382349772,5.468040156603571,222074304.0,1236321251.0
791,510500.XSHG,2025-04-14,5.573252038360692,5.575237168205165,5.6099769404834605,5.558363564527136,215062682.0,1209079466.0
792,510500.XSHG,2025-04-15,5.573252038360692,5.552408174993715,5.577222298049639,5.520646097482131,320738512.0,1793626903.0
793,510500.XSHG,2025-04-16,5.516675837793183,5.503772493804102,5.539504831004634,5.449181423081068,666182501.0,3691591486.0
794,510500.XSHG,2025-04-17,5.482928630437126,5.506750188570813,5.561341259293847,5.478958370748177,224761713.0,1253290436.0
795,510500.XSHG,2025-04-18,5.498809669192918,5.508735318415287,5.5345420063934485,5.47796580582594,295068366.0,1636662118.0
796,510500.XSHG,2025-04-21,5.502779928881865,5.5901256420387195,5.599058726338853,5.480943500592652,256758926.0,1439589215.0
797,510500.XSHG,2025-04-22,5.577222298049639,5.575237168205165,5.603028986027801,5.565311518982796,143407362.0,806534644.0
798,510500.XSHG,2025-04-23,5.597073596494379,5.586155382349772,5.640746453072807,5.566304083905032,233167056.0,1314640511.0
799,510500.XSHG,2025-04-24,5.586155382349772,5.563326389138322,5.602036421105564,5.535534571315686,160589173.0,901148308.0
800,510500.XSHG,2025-04-25,5.568289213749507,5.579207427894114,5.61990258970583,5.55042304514924,204146305.0,1148698743.0
801,510500.XSHG,2025-04-28,5.578214862971876,5.5534007399159515,5.583177687583062,5.5345420063934485,202601661.0,1134081377.0
802,510500.XSHG,2025-04-29,5.528586616860027,5.556378434682663,5.58019999281635,5.522631227326605,124737396.0,698290015.0
803,510500.XSHG,2025-04-30,5.556378434682663,5.584170252505299,5.6000512912610905,5.555385869760426,207391183.0,1167228382.0
804,510500.XSHG,2025-05-06,5.612954635250171,5.690374699184655,5.69235982902913,5.610969505405697,185691857.0,1060283652.0
805,510500.XSHG,2025-05-07,5.75489141913006,5.700300348407026,5.801541970475198,5.6655605761287315,223210103.0,1284514400.0
806,510500.XSHG,2025-05-08,5.686404439495708,5.724121906540714,5.74198807514098,5.681441614884523,228896037.0,1319178643.0
807,510500.XSHG,2025-05-09,5.717173952085054,5.677471355195575,5.718166517007292,5.657620056750836,168633554.0,965835125.0
808,510500.XSHG,2025-05-12,5.7022854782515,5.7489360295966385,5.753898854207823,5.694344958873604,170595269.0,984666611.0
809,510500.XSHG,2025-05-13,5.781690672030459,5.73504012068532,5.782683236952695,5.721144211774003,197788578.0,1144635055.0
810,510500.XSHG,2025-05-14,5.73206242591861,5.75489141913006,5.7955865809417775,5.7032780431737375,241313500.0,1396705066.0
811,510500.XSHG,2025-05-15,5.738017815452031,5.678463920117812,5.743973204985453,5.667545705973205,192303290.0,1103318487.0
812,510500.XSHG,2025-05-16,5.663575446284257,5.668538270895443,5.69235982902913,5.660597751517547,175381574.0,1002830482.0
813,510500.XSHG,2025-05-19,5.667545705973205,5.6824341798067595,5.687397004417946,5.622880284472541,141052031.0,803451383.0
814,510500.XSHG,2025-05-20,5.685411874573471,5.706255737940448,5.721144211774003,5.659605186595309,116750308.0,669425913.0
815,510500.XSHG,2025-05-21,5.696330088718078,5.713203692396107,5.721144211774003,5.688389569340182,82851094.0,476263694.0
816,510500.XSHG,2025-05-22,5.690374699184655,5.668538270895443,5.72213677669624,5.661590316439783,139303325.0,797381638.0
817,510500.XSHG,2025-05-23,5.6645680112064944,5.61990258970583,5.704270608095974,5.617917459861356,190886125.0,1088161888.0
818,510500.XSHG,2025-05-26,5.614939765094645,5.628835674005963,5.661590316439783,5.603028986027801,168177906.0,954266761.0
819,510500.XSHG,2025-05-27,5.6298282389282,5.614939765094645,5.635783628461621,5.5911182069609575,207955003.0,1175296180.0
820,510500.XSHG,2025-05-28,5.614939765094645,5.605014115872275,5.6278431090837255,5.592110771883195,129650353.0,732201615.0
821,510500.XSHG,2025-05-29,5.607991810638986,5.6844193096512345,5.696330088718078,5.606999245716749,320495576.0,1830963971.0
822,510500.XSHG,2025-05-30,5.667545705973205,5.651664667217413,5.668538270895443,5.628835674005963,334540716.0,1903678351.0
823,510500.XSHG,2025-06-03,5.637768758306096,5.660597751517547,5.687397004417946,5.623872849394778,137506282.0,784046928.0
824,510500.XSHG,2025-06-04,5.661590316439783,5.706255737940448,5.7201516468517655,5.661590316439783,109525276.0,629142475.0
825,510500.XSHG,2025-06-05,5.713203692396107,5.740995510218743,5.755883984052297,5.690374699184655,168585819.0,972358271.0
826,510500.XSHG,2025-06-06,5.740002945296506,5.74198807514098,5.750921159441112,5.727099601307424,101074678.0,584109624.0
827,510500.XSHG,2025-06-09,5.751913724363349,5.781690672030459,5.808489924930858,5.745958334829927,195862239.0,1141617121.0
828,510500.XSHG,2025-06-10,5.781690672030459,5.734047555763084,5.7856609317194065,5.699307783484789,182537929.0,1055334689.0
829,510500.XSHG,2025-06-11,5.734047555763084,5.770772457885852,5.8045196652419095,5.734047555763084,230379588.0,1341105615.0
830,510500.XSHG,2025-06-12,5.765809633274667,5.781690672030459,5.791616321252829,5.742980640063216,92233683.0,536522932.0
831,510500.XSHG,2025-06-13,5.770772457885852,5.733054990840846,5.778712977263748,5.7112185625516325,159690275.0,923057935.0
832,510500.XSHG,2025-06-16,5.71221112747387,5.753898854207823,5.768787328041379,5.71221112747387,180202095.0,1044674832.0
833,510500.XSHG,2025-06-17,5.758861678819008,5.74198807514098,5.76481706835243,5.726107036385188,223506684.0,1292161009.0
834,510500.XSHG,2025-06-18,5.742980640063216,5.733054990840846,5.746950899752164,5.697322653640315,150132837.0,865530177.0
835,510500.XSHG,2025-06-19,5.7201516468517655,5.675486225351102,5.74198807514098,5.652657232139651,220272397.0,1264678283.0
836,510500.XSHG,2025-06-20,5.670523400739916,5.6367761933838585,5.686404439495708,5.635783628461621,323643966.0,1842188941.0
837,510500.XSHG,2025-06-23,5.625857979239252,5.669530835817679,5.6834267447289974,5.618910024783593,191781435.0,1093216921.0
838,510500.XSHG,2025-06-24,5.680449049962286,5.760846808663483,5.76481706835243,5.680449049962286,384287385.0,2225227275.0
839,510500.XSHG,2025-06-25,5.768787328041379,5.869036385187314,5.874991774720735,5.76481706835243,372460096.0,2183573155.0
840,510500.XSHG,2025-06-26,5.8610958658094185,5.844222262131389,5.881939729176395,5.8412445673646785,234396301.0,1384474054.0
841,510500.XSHG,2025-06-27,5.850177651664811,5.866058690420603,5.913701806687978,5.8412445673646785,222940718.0,1320386698.0
842,510500.XSHG,2025-06-30,5.873006644876262,5.918664631299164,5.923627455910348,5.872014079954026,244497355.0,1454432701.0
843,510500.XSHG,2025-07-01,5.905761287310082,5.937523364821667,5.93950849466614,5.889880248554291,138236116.0,823912323.0
844,510500.XSHG,2025-07-02,5.91667950145469,5.902783592543372,5.921642326065874,5.884917423943106,129745489.0,771494842.0
845,510500.XSHG,2025-07-03,5.902783592543372,5.92660515067706,5.933553105132718,5.890872813476527,119755809.0,713616283.0
846,510500.XSHG,2025-07-04,5.913701806687978,5.918664631299164,5.980203656477857,5.895835638087713,162617761.0,971146047.0
847,510500.XSHG,2025-07-07,5.912709241765741,5.9067538522323195,5.921642326065874,5.8968282030099495,78703810.0,468406804.0
848,510500.XSHG,2025-07-08,5.9067538522323195,5.986159046011278,5.994099565389174,5.903776157465609,167485029.0,1006809209.0
849,510500.XSHG,2025-07-09,5.987151610933516,5.960352358033117,5.9990623900003595,5.955389533421932,153195981.0,923228818.0
850,510500.XSHG,2025-07-10,5.960352358033117,5.993107000466938,6.015935993678388,5.9524118386552205,130324299.0,785483340.0
851,510500.XSHG,2025-07-11,5.9901293057002265,6.04472037642326,6.079460148701555,5.9722631370999615,249118484.0,1516911950.0
852,510500.XSHG,2025-07-14,6.042735246578787,6.033802162278654,6.053653460723394,6.024869077978521,116852000.0,711140340.0
853,510500.XSHG,2025-07-15,6.020898818289573,6.03181703243418,6.065564239790238,5.984173916166805,158264921.0,959703847.0
854,510500.XSHG,2025-07-16,6.028839337667469,6.030824467511943,6.082437843468266,6.009980604144966,164137854.0,999719287.0
855,510500.XSHG,2025-07-17,6.029831902589707,6.100304012068532,6.102289141913006,6.023876513056284,118106788.0,722766909.0
856,510500.XSHG,2025-07-18,6.102289141913006,6.119162745591035,6.1370289141913,6.089385797923925,160824639.0,990926837.0
857,510500.XSHG,2025-07-21,6.125118135124457,6.179709205847492,6.181694335691965,6.12412557020222,255011021.0,1584067722.0
858,510500.XSHG,2025-07-22,6.182686900614202,6.245218490715133,6.248196185481843,6.171768686469595,223778742.0,1399576972.0
859,510500.XSHG,2025-07-23,6.248196185481843,6.223382062425919,6.2869062174490855,6.211471283359075,280302729.0,1765155846.0
860,510500.XSHG,2025-07-24,6.211471283359075,6.3156906001939594,6.320653424805144,6.210478718436838,207037047.0,1309140764.0
861,510500.XSHG,2025-07-25,6.319660859882907,6.317675730038433,6.329586509105276,6.291869042060272,317569211.0,2019458361.0
862,510500.XSHG,2025-07-28,6.317675730038433,6.3434824180165945,6.355393197083438,6.288891347293561,201757214.0,1286667623.0
863,510500.XSHG,2025-07-29,6.327601379260803,6.383185014906074,6.384177579828312,6.2878987823713235,213192947.0,1358964395.0
864,510500.XSHG,2025-07-30,6.360356021694623,6.341497288172121,6.393110664128444,6.292861606982508,188924625.0,1210134625.0
865,510500.XSHG,2025-07-31,6.314698035271722,6.2501813153263175,6.341497288172121,6.22635975719263,198600924.0,1258229121.0
866,510500.XSHG,2025-08-01,6.233307711648289,6.240255666103947,6.280950827915665,6.203530763981179,158195598.0,995403322.0
867,510500.XSHG,2025-08-04,6.212463848281312,6.2878987823713235,6.288891347293561,6.205515893825653,104370675.0,657137127.0
868,510500.XSHG,2025-08-05,6.290876477138034,6.32859394418304,6.330579074027514,6.290876477138034,120672484.0,766954450.0
869,510500.XSHG,2025-08-06,6.29881699651593,6.380207320139363,6.386162709672785,6.29881699651593,171976510.0,1102525817.0
870,510500.XSHG,2025-08-07,6.380207320139363,6.360356021694623,6.395095793972917,6.31866829496067,161728379.0,1035267177.0
871,510500.XSHG,2025-08-08,6.33157163894975,6.349437807550017,6.374251930605941,6.327601379260803,103603518.0,662662808.0
872,510500.XSHG,2025-08-11,6.355393197083438,6.415939657339895,6.4357909557846344,6.355393197083438,167228775.0,1079316755.0
873,510500.XSHG,2025-08-12,6.4179247871843685,6.448694299773715,6.449686864695953,6.39112553428397,106531798.0,689378657.0
874,510500.XSHG,2025-08-13,6.457627384073849,6.533062318163859,6.546958227075177,6.451671994540426,179270542.0,1174102338.0
875,510500.XSHG,2025-08-14,6.512218454796883,6.465567903451745,6.5479507919974145,6.440753780395819,223896912.0,1465281352.0
876,510500.XSHG,2025-08-15,6.452664559462663,6.608497252253871,6.6134600768650555,6.4457166050070045,229116702.0,1514607500.0
877,510500.XSHG,2025-08-18,6.63827419992098,6.6978280952552,6.75043403613376,6.608497252253871,418683346.0,2824740779.0
878,510500.XSHG,2025-08-19,6.6978280952552,6.682939621421644,6.735545562300205,6.661103193132432,314765492.0,2123688222.0
879,510500.XSHG,2025-08-20,6.664080887899142,6.773263029345211,6.775248159189684,6.617430336554003,337660021.0,2280535527.0
880,510500.XSHG,2025-08-21,6.785173808412055,6.735545562300205,6.805025106856794,6.708746309399807,298330596.0,2028278817.0
881,510500.XSHG,2025-08-22,6.7345529973779685,6.8635864372687765,6.869541826802199,6.7345529973779685,843778501.0,5802812523.0
882,510500.XSHG,2025-08-25,6.9102369886139146,6.9846793577816895,7.012471175604325,6.8923708200136495,881486774.0,6170751765.0
883,510500.XSHG,2025-08-26,6.957880104881291,6.995597571926297,7.0491960777270934,6.942991631047736,498846423.0,3516687986.0
884,510500.XSHG,2025-08-27,6.993612442081822,6.9013039043137825,7.106764843216839,6.8923708200136495,432327211.0,3059376522.0
885,510500.XSHG,2025-08-28,6.9013039043137825,7.051181207571568,7.055151467260515,6.831824359757193,389526236.0,2728207393.0
886,510500.XSHG,2025-08-29,7.041255558349198,7.087906109694336,7.126616141661579,7.016441435293273,349461915.0,2486113434.0
887,510500.XSHG,2025-09-01,7.107757408139076,7.1524228296397405,7.156393089328688,7.071032506016307,183081310.0,1312557380.0
888,510500.XSHG,2025-09-02,7.121653317050393,7.0025455263819545,7.136541790883949,6.942991631047736,245119402.0,1736110055.0
889,510500.XSHG,2025-09-03,7.009493480837614,6.888400560324702,7.0313299091268275,6.8635864372687765,240995450.0,1687177107.0
890,510500.XSHG,2025-09-04,6.894355949858123,6.728597607844546,6.941999066125499,6.639266764843217,326897388.0,2236535867.0
891,510500.XSHG,2025-09-05,6.728597607844546,6.958872669803528,6.970783448870371,6.70775374447757,307745229.0,2121919291.0
892,510500.XSHG,2025-09-08,6.958872669803528,7.020411694982221,7.0313299091268275,6.919170072914048,233031742.0,1636795369.0
893,510500.XSHG,2025-09-09,6.998575266693007,6.953909845192343,7.024381954671169,6.913214683380626,139590116.0,979988418.0
894,510500.XSHG,2025-09-10,6.941999066125499,6.950932150425632,7.01048604575985,6.899318774469307,121572485.0,852285642.0
895,510500.XSHG,2025-09-11,6.947954455658921,7.170288998240006,7.175251822851191,6.90527416400273,471718308.0,3370578668.0
896,510500.XSHG,2025-09-12,7.173266693006718,7.188155166840272,7.246716497252255,7.155400524406451,259377419.0,1880048851.0
897,510500.XSHG,2025-09-15,7.1980808160626415,7.17227412808448,7.2080064652850115,7.155400524406451,356612066.0,2581031813.0
898,510500.XSHG,2025-09-16,7.174259257928954,7.227857763729752,7.239768542796595,7.111727667828024,236125505.0,1709696475.0
899,510500.XSHG,2025-09-17,7.21197672497396,7.302300132897526,7.308255522430948,7.189147731762509,158683618.0,1159802809.0
900,510500.XSHG,2025-09-18,7.297337308286341,7.237783412952121,7.392623540821092,7.146467440106319,338418181.0,2482372672.0
901,510500.XSHG,2025-09-19,7.22488006896304,7.2070139003627745,7.271530620308178,7.176244387773428,285552255.0,2080099063.0
902,510500.XSHG,2025-09-22,7.205028770518301,7.263590100930283,7.265575230774758,7.17227412808448,235618126.0,1713669910.0
903,510500.XSHG,2025-09-23,7.263590100930283,7.222894939118567,7.280463704608312,7.086913544772099,262962112.0,1905161682.0
904,510500.XSHG,2025-09-24,7.178229517617902,7.376742502065301,7.380712761754248,7.173266693006718,219453482.0,1613166926.0
905,510500.XSHG,2025-09-25,7.3747573722208255,7.385675586365433,7.422400488488201,7.359868898387271,164025033.0,1221817048.0
906,510500.XSHG,2025-09-26,7.345972989475953,7.281456269530549,7.39957149527675,7.278478574763838,221003137.0,1633716966.0
907,510500.XSHG,2025-09-29,7.280463704608312,7.406519449732409,7.435303832477282,7.257634711396862,332940029.0,2473026332.0
908,510500.XSHG,2025-09-30,7.407512014654647,7.463095650299918,7.476991559211236,7.407512014654647,269331858.0,2022195960.0
909,510500.XSHG,2025-10-09,7.496842857655976,7.592129090190726,7.620913472935599,7.483939513666894,247330432.0,1885985361.0
910,510500.XSHG,2025-10-10,7.554411623145721,7.4491997413886,7.562352142523617,7.423393053410439,291527723.0,2197250249.0
911,510500.XSHG,2025-10-13,7.235798283107648,7.413467404188069,7.432326137710572,7.235798283107648,386537681.0,2863336795.0
912,510500.XSHG,2025-10-14,7.454162565999785,7.23480571818541,7.496842857655976,7.205028770518301,426016495.0,3162062367.0
913,510500.XSHG,2025-10-15,7.233813153263173,7.338032470098057,7.343987859631479,7.199073380984879,246755725.0,1808574917.0
914,510500.XSHG,2025-10-16,7.265575230774758,7.281456269530549,7.343987859631479,7.241753672641069,275073811.0,2020350843.0
915,510500.XSHG,2025-10-17,7.263590100930283,7.061106856793938,7.304285262742,7.0491960777270934,301475375.0,2173586618.0
916,510500.XSHG,2025-10-20,7.120660752128157,7.106764843216839,7.1792220825401385,7.073017635860782,356249384.0,2558410357.0
917,510500.XSHG,2025-10-21,7.128601271506053,7.225872633885277,7.240761107718832,7.1236384468948675,485106360.0,3522045922.0
918,510500.XSHG,2025-10-22,7.196095686218168,7.170288998240006,7.2070139003627745,7.148452569950792,271371500.0,1962399224.0
919,510500.XSHG,2025-10-23,7.148452569950792,7.19510312129593,7.200065945907116,7.061106856793938,203373365.0,1457957880.0
920,510500.XSHG,2025-10-24,7.219917244351856,7.314210911964369,7.31718860673108,7.213961854818433,227470386.0,1663975677.0
921,510500.XSHG,2025-10-27,7.377735066987537,7.422400488488201,7.435303832477282,7.34696555439819,214285422.0,1599407845.0
922,510500.XSHG,2025-10-28,7.412474839265832,7.385675586365433,7.458132825688733,7.354906073776086,170449440.0,1271978016.0
923,510500.XSHG,2025-10-29,7.39659380051004,7.537538019467692,7.539523149312166,7.394608670665566,206192267.0,1554258782.0
924,510500.XSHG,2025-10-30,7.529597500089796,7.441259222010704,7.529597500089796,7.420415358643727,239775371.0,1804318822.0
925,510500.XSHG,2025-10-31,7.438281527243993,7.380712761754248,7.48890233827808,7.378727631909774,239526377.0,1793252055.0
926,510500.XSHG,2025-11-03,7.371779677454114,7.3836904565209585,7.392623540821092,7.257634711396862,254099006.0,1875962746.0
927,510500.XSHG,2025-11-04,7.364831722998456,7.258627276319098,7.369794547609641,7.213961854818433,297882984.0,2187305293.0
928,510500.XSHG,2025-11-05,7.146467440106319,7.275500879997127,7.304285262742,7.146467440106319,143295554.0,1044051112.0
929,510500.XSHG,2025-11-06,7.280463704608312,7.395601235587802,7.408504579576884,7.280463704608312,173994728.0,1290454325.0
930,510500.XSHG,2025-11-07,7.364831722998456,7.384683021443196,7.420415358643727,7.328106820875687,103751961.0,771019572.0
931,510500.XSHG,2025-11-10,7.41942279372149,7.392623540821092,7.446222046621889,7.335054775331346,112335218.0,835109376.0
932,510500.XSHG,2025-11-11,7.412474839265832,7.339025035020295,7.43927409216623,7.326121691031213,158667471.0,1178560276.0
933,510500.XSHG,2025-11-12,7.313218347042133,7.301307567975289,7.361854028231745,7.233813153263173,134217513.0,986234776.0
934,510500.XSHG,2025-11-13,7.282448834452786,7.40949714449912,7.425378183254912,7.282448834452786,188661676.0,1401440665.0
935,510500.XSHG,2025-11-14,7.347958119320427,7.283441399375023,7.37972019683201,7.280463704608312,155598971.0,1150184972.0
936,510500.XSHG,2025-11-17,7.279471139686074,7.281456269530549,7.319173736575555,7.253664451707913,219804390.0,1613421164.0
937,510500.XSHG,2025-11-18,7.255649581552387,7.2080064652850115,7.280463704608312,7.163341043784347,265420668.0,1928962925.0
938,510500.XSHG,2025-11-19,7.1980808160626415,7.173266693006718,7.238775977874359,7.139519485650659,246792384.0,1786594862.0
939,510500.XSHG,2025-11-20,7.215946984662907,7.116690492439209,7.238775977874359,7.10974253798355,303240774.0,2183687616.0
940,510500.XSHG,2025-11-21,7.045225818038145,6.870534391724435,7.0779804604719665,6.866564132035488,755356839.0,5290499089.0
941,510500.XSHG,2025-11-24,6.908251858769441,6.91817750799181,6.953909845192343,6.851675658201932,414765702.0,2883620932.0
942,510500.XSHG,2025-11-25,6.963835494414712,7.001552961459718,7.073017635860782,6.961850364570239,604358456.0,4269824932.0
943,510500.XSHG,2025-11-26,7.0025455263819545,7.012471175604325,7.071032506016307,6.985671922703927,413929415.0,2934400370.0
944,510500.XSHG,2025-11-27,7.012471175604325,6.99758270177077,7.100809453683417,6.9876570525484,188542552.0,1336051339.0
945,510500.XSHG,2025-11-28,6.995597571926297,7.081950720160914,7.090883804461047,6.989642182392874,177333175.0,1261276658.0
946,510500.XSHG,2025-12-01,7.098824323838943,7.148452569950792,7.149445134873029,7.084928414927625,132006252.0,947876608.0
947,510500.XSHG,2025-12-02,7.100809453683417,7.087906109694336,7.134556661039475,7.070039941094071,150369654.0,1074387564.0
948,510500.XSHG,2025-12-03,7.091876369383284,7.0501886426493305,7.116690492439209,7.025374519593406,121324035.0,863508465.0
949,510500.XSHG,2025-12-04,7.047210947882619,7.072025070938544,7.0968391939944695,7.00750835099314,122371097.0,870260060.0
950,510500.XSHG,2025-12-05,7.0690473761718335,7.162348478862111,7.165326173628822,7.014456305448799,308526062.0,2213924727.0
951,510500.XSHG,2025-12-08,7.184184907151324,7.223887504040803,7.250686756941202,7.175251822851191,282808073.0,2054506100.0
952,510500.XSHG,2025-12-09,7.20205107575159,7.170288998240006,7.235798283107648,7.157385654250926,192435582.0,1394969264.0
953,510500.XSHG,2025-12-10,7.171281563162243,7.208999030207249,7.225872633885277,7.118675622283682,259557832.0,1873005152.0
954,510500.XSHG,2025-12-11,7.220909809274093,7.147460005028555,7.229842893574225,7.1424971804173705,186138398.0,1345376424.0
955,510500.XSHG,2025-12-12,7.163341043784347,7.230835458496463,7.249694192018966,7.130586401350527,375528482.0,2722781871.0
956,510500.XSHG,2025-12-15,7.196095686218168,7.18219977730685,7.2447313674077805,7.175251822851191,174785848.0,1268422736.0
957,510500.XSHG,2025-12-16,7.166318738551058,7.073017635860782,7.166318738551058,7.023389389748932,262901355.0,1872497207.0
958,510500.XSHG,2025-12-17,7.067062246327359,7.205028770518301,7.232820588340936,7.047210947882619,299634364.0,2160363134.0
959,510500.XSHG,2025-12-18,7.171281563162243,7.167311303473295,7.240761107718832,7.165326173628822,251490101.0,1822548851.0
960,510500.XSHG,2025-12-19,7.184184907151324,7.231828023418699,7.263590100930283,7.177236952695665,250967197.0,1828863612.0
961,510500.XSHG,2025-12-22,7.265575230774758,7.313218347042133,7.342002729787005,7.265575230774758,281747461.0,2076899450.0
962,510500.XSHG,2025-12-23,7.309248087353184,7.319173736575555,7.361854028231745,7.29435961351963,185059492.0,1365041842.0
963,510500.XSHG,2025-12-24,7.318181171653317,7.414459969110305,7.436296397399519,7.308255522430948,350367349.0,2611273083.0
964,510500.XSHG,2025-12-25,7.413467404188069,7.477984124133473,7.498827987500449,7.39659380051004,286961619.0,2156582982.0
965,510500.XSHG,2025-12-26,7.487909773355842,7.523642110556374,7.559374447756905,7.471036169677814,514730074.0,3901186668.0
966,510500.XSHG,2025-12-29,7.522649545634136,7.49188003304479,7.553419058223484,7.475006429366761,337804049.0,2558823434.0
967,510500.XSHG,2025-12-30,7.456147695844258,7.5246346754786115,7.568307532057038,7.456147695844258,241477936.0,1831385067.0
968,510500.XSHG,2025-12-31,7.540515714234403,7.53158262993427,7.554411623145721,7.494857727811501,446353437.0,3386683953.0
969,510500.XSHG,2026-01-05,7.585181135735068,7.734065874070615,7.736051003915089,7.583196005890593,276371421.0,2138958695.0
970,510500.XSHG,2026-01-06,7.739028698681801,7.901809345928667,7.905779605617615,7.739028698681801,356076687.0,2807704686.0
971,510500.XSHG,2026-01-07,7.909749865306563,7.939526812973672,7.980221974785388,7.894861391473008,431586803.0,3451839908.0
972,510500.XSHG,2026-01-08,7.914712689917748,7.964340936029596,8.017939441830395,7.912727560073274,382231061.0,3069650528.0
973,510500.XSHG,2026-01-09,7.964340936029596,8.154913401099098,8.161861355554759,7.96334837110736,525203527.0,4288318244.0
974,510500.XSHG,2026-01-12,8.208511906899895,8.353426385546497,8.38518846305808,8.1737721346216,571519856.0,4767071138.0
975,510500.XSHG,2026-01-13,8.374270248913472,8.244244244100427,8.377247943680183,8.197593692755289,524033983.0,4365589918.0
976,510500.XSHG,2026-01-14,8.246229373944901,8.30280557451241,8.472534176214936,8.188660608455157,1349076212.0,11344083331.0
977,510500.XSHG,2026-01-15,8.238288854567006,8.27699888653425,8.327619697568336,8.203549082288712,3167300455.0,26329578450.0
978,510500.XSHG,2026-01-16,8.318,8.295,8.353,8.24,2050754961.0,16986109617.0
979,510500.XSHG,2026-01-19,8.27,8.348,8.397,8.25,1521585687.0,12700273169.0
980,510500.XSHG,2026-01-20,8.356,8.324,8.414,8.201,1614255882.0,13377848571.0
981,510500.XSHG,2026-01-21,8.282,8.432,8.435,8.28,1034094112.0,8682017708.0
982,510500.XSHG,2026-01-22,8.46,8.469,8.496,8.404,480856886.0,4059456186.0
983,510500.XSHG,2026-01-23,8.505,8.719,8.725,8.493,669345592.0,5772176393.0
984,510500.XSHG,2026-01-26,8.763,8.564,8.787,8.517,1666726482.0,14330394662.0
985,510500.XSHG,2026-01-27,8.542,8.619,8.67,8.437,1474651264.0,12638904531.0
986,510500.XSHG,2026-01-28,8.645,8.691,8.72,8.595,2517446639.0,21752591587.0
987,510500.XSHG,2026-01-29,8.661,8.591,8.754,8.574,1373467695.0,11884876163.0
988,510500.XSHG,2026-01-30,8.518,8.44,8.594,8.232,1283877745.0,10756242145.0
989,510500.XSHG,2026-02-02,8.33,8.049,8.4,8.045,1947386933.0,15911074106.0
990,510500.XSHG,2026-02-03,8.186,8.366,8.375,8.132,936602178.0,7761030186.0
991,510500.XSHG,2026-02-04,8.36,8.388,8.395,8.249,1228797031.0,10230284572.0
992,510500.XSHG,2026-02-05,8.3,8.217,8.313,8.147,955243249.0,7839440779.0
993,510500.XSHG,2026-02-06,8.105,8.213,8.33,8.075,939936597.0,7742250214.0
994,510500.XSHG,2026-02-09,8.35,8.395,8.397,8.306,594262763.0,4972221001.0
995,510500.XSHG,2026-02-10,8.395,8.377,8.404,8.329,344342506.0,2884803529.0
996,510500.XSHG,2026-02-11,8.355,8.411,8.457,8.355,295235745.0,2486170379.0
997,510500.XSHG,2026-02-12,8.41,8.514,8.527,8.41,397617091.0,3376962000.0
998,510500.XSHG,2026-02-13,8.474,8.373,8.496,8.361,1017396628.0,8560575757.0
999,510500.XSHG,2026-02-24,8.471,8.469,8.534,8.403,438804915.0,3720376914.0
1000,510500.XSHG,2026-02-25,8.48,8.602,8.633,8.479,735884137.0,6314293845.0
1001,510500.XSHG,2026-02-26,8.623,8.63,8.656,8.561,805557550.0,6937034239.0
1002,510500.XSHG,2026-02-27,8.58,8.737,8.739,8.58,482034893.0,4180916149.0
1003,510500.XSHG,2026-03-02,8.682,8.733,8.773,8.62,772395741.0,6724751190.0
1004,510500.XSHG,2026-03-03,8.74,8.375,8.74,8.335,679789667.0,5781745330.0
1005,510500.XSHG,2026-03-04,8.241,8.317,8.466,8.237,526981471.0,4406741459.0
1006,510500.XSHG,2026-03-05,8.433,8.371,8.459,8.311,552164159.0,4633269691.0
1007,510500.XSHG,2026-03-06,8.31,8.421,8.469,8.31,317745639.0,2673624003.0
1008,510500.XSHG,2026-03-09,8.298,8.356,8.38,8.124,469439650.0,3872180353.0
1009,510500.XSHG,2026-03-10,8.44,8.481,8.492,8.391,435573866.0,3680938953.0
1010,510500.XSHG,2026-03-11,8.489,8.468,8.519,8.441,385228347.0,3265652804.0
1011,510500.XSHG,2026-03-12,8.452,8.426,8.495,8.354,325622423.0,2744988839.0
1012,510500.XSHG,2026-03-13,8.362,8.311,8.447,8.29,198229100.0,1657449192.0
1013,510500.XSHG,2026-03-16,8.298,8.259,8.308,8.124,392889521.0,3225912523.0
1014,510500.XSHG,2026-03-17,8.265,8.078,8.29,8.074,349203593.0,2853905066.0
1015,510500.XSHG,2026-03-18,8.11,8.156,8.168,8.023,492148046.0,3990590847.0
1016,510500.XSHG,2026-03-19,8.04,7.945,8.073,7.906,391800334.0,3129280894.0
1017,510500.XSHG,2026-03-20,7.96,7.812,8.012,7.809,731633951.0,5809729947.0
1018,510500.XSHG,2026-03-23,7.701,7.512,7.777,7.46,674801120.0,5130435315.0
1019,510500.XSHG,2026-03-24,7.589,7.652,7.657,7.437,591087113.0,4471167956.0
1020,510500.XSHG,2026-03-25,7.7,7.826,7.879,7.698,586589336.0,4584273440.0
1021,510500.XSHG,2026-03-26,7.792,7.7,7.835,7.681,320184434.0,2480189131.0
1022,510500.XSHG,2026-03-27,7.58,7.803,7.852,7.58,396308985.0,3076321019.0
1023,510500.XSHG,2026-03-30,7.706,7.818,7.836,7.665,478242199.0,3701022228.0
1024,510500.XSHG,2026-03-31,7.805,7.683,7.86,7.68,368399919.0,2860807126.0
1025,510500.XSHG,2026-04-01,7.815,7.809,7.85,7.755,356668632.0,2781369863.0
1026,510500.XSHG,2026-04-02,7.771,7.672,7.809,7.619,486434169.0,3748897864.0
1027,510500.XSHG,2026-04-03,7.697,7.603,7.707,7.581,240776879.0,1838226947.0
1028,510500.XSHG,2026-04-07,7.617,7.629,7.701,7.6,328131755.0,2512105152.0
1029,510500.XSHG,2026-04-08,7.82,8.026,8.029,7.815,1155004523.0,9127495913.0
1030,510500.XSHG,2026-04-09,7.961,7.964,8.009,7.908,642825820.0,5121640491.0
1031,510500.XSHG,2026-04-10,8.015,8.035,8.149,8.015,380034904.0,3069841615.0
1032,510500.XSHG,2026-04-13,7.985,8.028,8.059,7.978,477728295.0,3836508143.0
1033,510500.XSHG,2026-04-14,8.11,8.159,8.162,8.067,436813757.0,3543880220.0
1034,510500.XSHG,2026-04-15,8.22,8.111,8.235,8.095,408317989.0,3333219942.0
1035,510500.XSHG,2026-04-16,8.13,8.253,8.271,8.125,487968619.0,4009324061.0
1036,510500.XSHG,2026-04-17,8.232,8.29,8.312,8.21,462973688.0,3824600035.0
1037,510500.XSHG,2026-04-20,8.281,8.355,8.394,8.278,912541634.0,7624808772.0
1038,510500.XSHG,2026-04-21,8.351,8.331,8.351,8.256,461344417.0,3834736573.0
1039,510500.XSHG,2026-04-22,8.283,8.455,8.457,8.283,638322386.0,5360906023.0
