,order_book_id,product_name,strike_price,underlying_code,option_type,option_type_full,expiry_year,expiry_month,expiry_date,strike_price_parsed,contract_month
0,10004533,510500C2212M05000,5.0,510500,C,Call,2022,12,2022-12-16,5000.0,202212
1,10004534,510500C2212M05250,5.25,510500,C,Call,2022,12,2022-12-16,5250.0,202212
2,10004535,510500C2212M05500,5.5,510500,C,Call,2022,12,2022-12-16,5500.0,202212
3,10004536,510500C2212M05750,5.75,510500,C,Call,2022,12,2022-12-16,5750.0,202212
4,10004537,510500C2212M06000,6.0,510500,C,Call,2022,12,2022-12-16,6000.0,202212
5,10004538,510500C2212M06250,6.25,510500,C,Call,2022,12,2022-12-16,6250.0,202212
6,10004539,510500C2212M06500,6.5,510500,C,Call,2022,12,2022-12-16,6500.0,202212
7,10004540,510500C2212M06750,6.75,510500,C,Call,2022,12,2022-12-16,6750.0,202212
8,10004541,510500C2212M07000,7.0,510500,C,Call,2022,12,2022-12-16,7000.0,202212
9,10004542,510500P2212M05000,5.0,510500,P,Put,2022,12,2022-12-16,5000.0,202212
10,10004543,510500P2212M05250,5.25,510500,P,Put,2022,12,2022-12-16,5250.0,202212
11,10004544,510500P2212M05500,5.5,510500,P,Put,2022,12,2022-12-16,5500.0,202212
12,10004545,510500P2212M05750,5.75,510500,P,Put,2022,12,2022-12-16,5750.0,202212
13,10004546,510500P2212M06000,6.0,510500,P,Put,2022,12,2022-12-16,6000.0,202212
14,10004547,510500P2212M06250,6.25,510500,P,Put,2022,12,2022-12-16,6250.0,202212
15,10004548,510500P2212M06500,6.5,510500,P,Put,2022,12,2022-12-16,6500.0,202212
16,10004549,510500P2212M06750,6.75,510500,P,Put,2022,12,2022-12-16,6750.0,202212
17,10004550,510500P2212M07000,7.0,510500,P,Put,2022,12,2022-12-16,7000.0,202212
18,10004591,510500C2212M04900,4.9,510500,C,Call,2022,12,2022-12-16,4900.0,202212
19,10004592,510500P2212M04900,4.9,510500,P,Put,2022,12,2022-12-16,4900.0,202212
20,10004765,510500C2212M07250,7.25,510500,C,Call,2022,12,2022-12-16,7250.0,202212
21,10004766,510500P2212M07250,7.25,510500,P,Put,2022,12,2022-12-16,7250.0,202212
22,10004551,510500C2303M05000,5.0,510500,C,Call,2023,3,2023-03-17,5000.0,202303
23,10004552,510500C2303M05250,5.25,510500,C,Call,2023,3,2023-03-17,5250.0,202303
24,10004553,510500C2303M05500,5.5,510500,C,Call,2023,3,2023-03-17,5500.0,202303
25,10004554,510500C2303M05750,5.75,510500,C,Call,2023,3,2023-03-17,5750.0,202303
26,10004555,510500C2303M06000,6.0,510500,C,Call,2023,3,2023-03-17,6000.0,202303
27,10004556,510500C2303M06250,6.25,510500,C,Call,2023,3,2023-03-17,6250.0,202303
28,10004557,510500C2303M06500,6.5,510500,C,Call,2023,3,2023-03-17,6500.0,202303
29,10004558,510500C2303M06750,6.75,510500,C,Call,2023,3,2023-03-17,6750.0,202303
30,10004559,510500C2303M07000,7.0,510500,C,Call,2023,3,2023-03-17,7000.0,202303
31,10004560,510500P2303M05000,5.0,510500,P,Put,2023,3,2023-03-17,5000.0,202303
32,10004561,510500P2303M05250,5.25,510500,P,Put,2023,3,2023-03-17,5250.0,202303
33,10004562,510500P2303M05500,5.5,510500,P,Put,2023,3,2023-03-17,5500.0,202303
34,10004563,510500P2303M05750,5.75,510500,P,Put,2023,3,2023-03-17,5750.0,202303
35,10004564,510500P2303M06000,6.0,510500,P,Put,2023,3,2023-03-17,6000.0,202303
36,10004565,510500P2303M06250,6.25,510500,P,Put,2023,3,2023-03-17,6250.0,202303
37,10004566,510500P2303M06500,6.5,510500,P,Put,2023,3,2023-03-17,6500.0,202303
38,10004567,510500P2303M06750,6.75,510500,P,Put,2023,3,2023-03-17,6750.0,202303
39,10004568,510500P2303M07000,7.0,510500,P,Put,2023,3,2023-03-17,7000.0,202303
40,10004593,510500C2303M04900,4.9,510500,C,Call,2023,3,2023-03-17,4900.0,202303
41,10004594,510500P2303M04900,4.9,510500,P,Put,2023,3,2023-03-17,4900.0,202303
42,10004767,510500C2303M07250,7.25,510500,C,Call,2023,3,2023-03-17,7250.0,202303
43,10004768,510500P2303M07250,7.25,510500,P,Put,2023,3,2023-03-17,7250.0,202303
44,10005163,510500C2303M07500,7.5,510500,C,Call,2023,3,2023-03-17,7500.0,202303
45,10005164,510500P2303M07500,7.5,510500,P,Put,2023,3,2023-03-17,7500.0,202303
46,10004715,510500C2306M05000,5.0,510500,C,Call,2023,6,2023-06-16,5000.0,202306
47,10004716,510500C2306M05250,5.25,510500,C,Call,2023,6,2023-06-16,5250.0,202306
48,10004717,510500C2306M05500,5.5,510500,C,Call,2023,6,2023-06-16,5500.0,202306
49,10004718,510500C2306M05750,5.75,510500,C,Call,2023,6,2023-06-16,5750.0,202306
50,10004719,510500C2306M06000,6.0,510500,C,Call,2023,6,2023-06-16,6000.0,202306
51,10004720,510500C2306M06250,6.25,510500,C,Call,2023,6,2023-06-16,6250.0,202306
52,10004721,510500C2306M06500,6.5,510500,C,Call,2023,6,2023-06-16,6500.0,202306
53,10004722,510500C2306M06750,6.75,510500,C,Call,2023,6,2023-06-16,6750.0,202306
54,10004723,510500C2306M07000,7.0,510500,C,Call,2023,6,2023-06-16,7000.0,202306
55,10004724,510500P2306M05000,5.0,510500,P,Put,2023,6,2023-06-16,5000.0,202306
56,10004725,510500P2306M05250,5.25,510500,P,Put,2023,6,2023-06-16,5250.0,202306
57,10004726,510500P2306M05500,5.5,510500,P,Put,2023,6,2023-06-16,5500.0,202306
58,10004727,510500P2306M05750,5.75,510500,P,Put,2023,6,2023-06-16,5750.0,202306
59,10004728,510500P2306M06000,6.0,510500,P,Put,2023,6,2023-06-16,6000.0,202306
60,10004729,510500P2306M06250,6.25,510500,P,Put,2023,6,2023-06-16,6250.0,202306
61,10004730,510500P2306M06500,6.5,510500,P,Put,2023,6,2023-06-16,6500.0,202306
62,10004731,510500P2306M06750,6.75,510500,P,Put,2023,6,2023-06-16,6750.0,202306
63,10004732,510500P2306M07000,7.0,510500,P,Put,2023,6,2023-06-16,7000.0,202306
64,10004757,510500C2306M04900,4.9,510500,C,Call,2023,6,2023-06-16,4900.0,202306
65,10004758,510500P2306M04900,4.9,510500,P,Put,2023,6,2023-06-16,4900.0,202306
66,10004769,510500C2306M07250,7.25,510500,C,Call,2023,6,2023-06-16,7250.0,202306
67,10004770,510500P2306M07250,7.25,510500,P,Put,2023,6,2023-06-16,7250.0,202306
68,10005165,510500C2306M07500,7.5,510500,C,Call,2023,6,2023-06-16,7500.0,202306
69,10005166,510500P2306M07500,7.5,510500,P,Put,2023,6,2023-06-16,7500.0,202306
70,10005141,510500C2309M05250,5.25,510500,C,Call,2023,9,2023-09-15,5250.0,202309
71,10005142,510500C2309M05500,5.5,510500,C,Call,2023,9,2023-09-15,5500.0,202309
72,10005143,510500C2309M05750,5.75,510500,C,Call,2023,9,2023-09-15,5750.0,202309
73,10005144,510500C2309M06000,6.0,510500,C,Call,2023,9,2023-09-15,6000.0,202309
74,10005145,510500C2309M06250,6.25,510500,C,Call,2023,9,2023-09-15,6250.0,202309
75,10005146,510500C2309M06500,6.5,510500,C,Call,2023,9,2023-09-15,6500.0,202309
76,10005147,510500C2309M06750,6.75,510500,C,Call,2023,9,2023-09-15,6750.0,202309
77,10005148,510500C2309M07000,7.0,510500,C,Call,2023,9,2023-09-15,7000.0,202309
78,10005149,510500C2309M07250,7.25,510500,C,Call,2023,9,2023-09-15,7250.0,202309
79,10005150,510500P2309M05250,5.25,510500,P,Put,2023,9,2023-09-15,5250.0,202309
80,10005151,510500P2309M05500,5.5,510500,P,Put,2023,9,2023-09-15,5500.0,202309
81,10005152,510500P2309M05750,5.75,510500,P,Put,2023,9,2023-09-15,5750.0,202309
82,10005153,510500P2309M06000,6.0,510500,P,Put,2023,9,2023-09-15,6000.0,202309
83,10005154,510500P2309M06250,6.25,510500,P,Put,2023,9,2023-09-15,6250.0,202309
84,10005155,510500P2309M06500,6.5,510500,P,Put,2023,9,2023-09-15,6500.0,202309
85,10005156,510500P2309M06750,6.75,510500,P,Put,2023,9,2023-09-15,6750.0,202309
86,10005157,510500P2309M07000,7.0,510500,P,Put,2023,9,2023-09-15,7000.0,202309
87,10005158,510500P2309M07250,7.25,510500,P,Put,2023,9,2023-09-15,7250.0,202309
88,10005167,510500C2309M07500,7.5,510500,C,Call,2023,9,2023-09-15,7500.0,202309
89,10005168,510500P2309M07500,7.5,510500,P,Put,2023,9,2023-09-15,7500.0,202309
90,10005395,510500C2309M05000,5.0,510500,C,Call,2023,9,2023-09-15,5000.0,202309
91,10005396,510500P2309M05000,5.0,510500,P,Put,2023,9,2023-09-15,5000.0,202309
92,10005901,510500C2309M04900,4.9,510500,C,Call,2023,9,2023-09-15,4900.0,202309
93,10005902,510500P2309M04900,4.9,510500,P,Put,2023,9,2023-09-15,4900.0,202309
94,10005365,510500C2312M05250,5.25,510500,C,Call,2023,12,2023-12-15,5250.0,202312
95,10005366,510500C2312M05500,5.5,510500,C,Call,2023,12,2023-12-15,5500.0,202312
96,10005367,510500C2312M05750,5.75,510500,C,Call,2023,12,2023-12-15,5750.0,202312
97,10005368,510500C2312M06000,6.0,510500,C,Call,2023,12,2023-12-15,6000.0,202312
98,10005369,510500C2312M06250,6.25,510500,C,Call,2023,12,2023-12-15,6250.0,202312
99,10005370,510500C2312M06500,6.5,510500,C,Call,2023,12,2023-12-15,6500.0,202312
100,10005371,510500C2312M06750,6.75,510500,C,Call,2023,12,2023-12-15,6750.0,202312
101,10005372,510500C2312M07000,7.0,510500,C,Call,2023,12,2023-12-15,7000.0,202312
102,10005373,510500C2312M07250,7.25,510500,C,Call,2023,12,2023-12-15,7250.0,202312
103,10005374,510500P2312M05250,5.25,510500,P,Put,2023,12,2023-12-15,5250.0,202312
104,10005375,510500P2312M05500,5.5,510500,P,Put,2023,12,2023-12-15,5500.0,202312
105,10005376,510500P2312M05750,5.75,510500,P,Put,2023,12,2023-12-15,5750.0,202312
106,10005377,510500P2312M06000,6.0,510500,P,Put,2023,12,2023-12-15,6000.0,202312
107,10005378,510500P2312M06250,6.25,510500,P,Put,2023,12,2023-12-15,6250.0,202312
108,10005379,510500P2312M06500,6.5,510500,P,Put,2023,12,2023-12-15,6500.0,202312
109,10005380,510500P2312M06750,6.75,510500,P,Put,2023,12,2023-12-15,6750.0,202312
110,10005381,510500P2312M07000,7.0,510500,P,Put,2023,12,2023-12-15,7000.0,202312
111,10005382,510500P2312M07250,7.25,510500,P,Put,2023,12,2023-12-15,7250.0,202312
112,10005397,510500C2312M05000,5.0,510500,C,Call,2023,12,2023-12-15,5000.0,202312
113,10005398,510500P2312M05000,5.0,510500,P,Put,2023,12,2023-12-15,5000.0,202312
114,10005903,510500C2312M04900,4.9,510500,C,Call,2023,12,2023-12-15,4900.0,202312
115,10005904,510500P2312M04900,4.9,510500,P,Put,2023,12,2023-12-15,4900.0,202312
116,10006147,510500C2312M04800,4.8,510500,C,Call,2023,12,2023-12-15,4800.0,202312
117,10006148,510500P2312M04800,4.8,510500,P,Put,2023,12,2023-12-15,4800.0,202312
118,10006485,510500C2312M04700,4.7,510500,C,Call,2023,12,2023-12-15,4700.0,202312
119,10006486,510500P2312M04700,4.7,510500,P,Put,2023,12,2023-12-15,4700.0,202312
120,10006309,510500C2401M04900,4.9,510500,C,Call,2024,1,2024-01-19,4900.0,202401
121,10006310,510500C2401M05000,5.0,510500,C,Call,2024,1,2024-01-19,5000.0,202401
122,10006311,510500C2401M05250,5.25,510500,C,Call,2024,1,2024-01-19,5250.0,202401
123,10006312,510500C2401M05500,5.5,510500,C,Call,2024,1,2024-01-19,5500.0,202401
124,10006313,510500C2401M05750,5.75,510500,C,Call,2024,1,2024-01-19,5750.0,202401
125,10006314,510500C2401M06000,6.0,510500,C,Call,2024,1,2024-01-19,6000.0,202401
126,10006315,510500C2401M06250,6.25,510500,C,Call,2024,1,2024-01-19,6250.0,202401
127,10006316,510500C2401M06500,6.5,510500,C,Call,2024,1,2024-01-19,6500.0,202401
128,10006317,510500C2401M06750,6.75,510500,C,Call,2024,1,2024-01-19,6750.0,202401
129,10006318,510500P2401M04900,4.9,510500,P,Put,2024,1,2024-01-19,4900.0,202401
130,10006319,510500P2401M05000,5.0,510500,P,Put,2024,1,2024-01-19,5000.0,202401
131,10006320,510500P2401M05250,5.25,510500,P,Put,2024,1,2024-01-19,5250.0,202401
132,10006321,510500P2401M05500,5.5,510500,P,Put,2024,1,2024-01-19,5500.0,202401
133,10006322,510500P2401M05750,5.75,510500,P,Put,2024,1,2024-01-19,5750.0,202401
134,10006323,510500P2401M06000,6.0,510500,P,Put,2024,1,2024-01-19,6000.0,202401
135,10006324,510500P2401M06250,6.25,510500,P,Put,2024,1,2024-01-19,6250.0,202401
136,10006325,510500P2401M06500,6.5,510500,P,Put,2024,1,2024-01-19,6500.0,202401
137,10006326,510500P2401M06750,6.75,510500,P,Put,2024,1,2024-01-19,6750.0,202401
138,10006465,510500C2401M04800,4.8,510500,C,Call,2024,1,2024-01-19,4800.0,202401
139,10006466,510500P2401M04800,4.8,510500,P,Put,2024,1,2024-01-19,4800.0,202401
140,10006487,510500C2401M04700,4.7,510500,C,Call,2024,1,2024-01-19,4700.0,202401
141,10006488,510500P2401M04700,4.7,510500,P,Put,2024,1,2024-01-19,4700.0,202401
142,10006713,510500C2401M04600,4.6,510500,C,Call,2024,1,2024-01-19,4600.0,202401
143,10006714,510500P2401M04600,4.6,510500,P,Put,2024,1,2024-01-19,4600.0,202401
144,10006721,510500C2401M04500,4.5,510500,C,Call,2024,1,2024-01-19,4500.0,202401
145,10006722,510500P2401M04500,4.5,510500,P,Put,2024,1,2024-01-19,4500.0,202401
146,10006537,510500C2402M04700,4.7,510500,C,Call,2024,2,2024-02-16,4700.0,202402
147,10006538,510500C2402M04800,4.8,510500,C,Call,2024,2,2024-02-16,4800.0,202402
148,10006539,510500C2402M04900,4.9,510500,C,Call,2024,2,2024-02-16,4900.0,202402
149,10006540,510500C2402M05000,5.0,510500,C,Call,2024,2,2024-02-16,5000.0,202402
150,10006541,510500C2402M05250,5.25,510500,C,Call,2024,2,2024-02-16,5250.0,202402
151,10006542,510500C2402M05500,5.5,510500,C,Call,2024,2,2024-02-16,5500.0,202402
152,10006543,510500C2402M05750,5.75,510500,C,Call,2024,2,2024-02-16,5750.0,202402
153,10006544,510500C2402M06000,6.0,510500,C,Call,2024,2,2024-02-16,6000.0,202402
154,10006545,510500C2402M06250,6.25,510500,C,Call,2024,2,2024-02-16,6250.0,202402
155,10006546,510500P2402M04700,4.7,510500,P,Put,2024,2,2024-02-16,4700.0,202402
156,10006547,510500P2402M04800,4.8,510500,P,Put,2024,2,2024-02-16,4800.0,202402
157,10006548,510500P2402M04900,4.9,510500,P,Put,2024,2,2024-02-16,4900.0,202402
158,10006549,510500P2402M05000,5.0,510500,P,Put,2024,2,2024-02-16,5000.0,202402
159,10006550,510500P2402M05250,5.25,510500,P,Put,2024,2,2024-02-16,5250.0,202402
160,10006551,510500P2402M05500,5.5,510500,P,Put,2024,2,2024-02-16,5500.0,202402
161,10006552,510500P2402M05750,5.75,510500,P,Put,2024,2,2024-02-16,5750.0,202402
162,10006553,510500P2402M06000,6.0,510500,P,Put,2024,2,2024-02-16,6000.0,202402
163,10006554,510500P2402M06250,6.25,510500,P,Put,2024,2,2024-02-16,6250.0,202402
164,10006595,510500C2402M06500,6.5,510500,C,Call,2024,2,2024-02-16,6500.0,202402
165,10006596,510500P2402M06500,6.5,510500,P,Put,2024,2,2024-02-16,6500.0,202402
166,10006715,510500C2402M04600,4.6,510500,C,Call,2024,2,2024-02-16,4600.0,202402
167,10006716,510500P2402M04600,4.6,510500,P,Put,2024,2,2024-02-16,4600.0,202402
168,10006723,510500C2402M04500,4.5,510500,C,Call,2024,2,2024-02-16,4500.0,202402
169,10006724,510500P2402M04500,4.5,510500,P,Put,2024,2,2024-02-16,4500.0,202402
170,10006845,510500C2402M04400,4.4,510500,C,Call,2024,2,2024-02-16,4400.0,202402
171,10006846,510500P2402M04400,4.4,510500,P,Put,2024,2,2024-02-16,4400.0,202402
172,10006863,510500C2402M04200,4.2,510500,C,Call,2024,2,2024-02-16,4200.0,202402
173,10006864,510500C2402M04300,4.3,510500,C,Call,2024,2,2024-02-16,4300.0,202402
174,10006865,510500P2402M04200,4.2,510500,P,Put,2024,2,2024-02-16,4200.0,202402
175,10006866,510500P2402M04300,4.3,510500,P,Put,2024,2,2024-02-16,4300.0,202402
176,10006879,510500C2402M04100,4.1,510500,C,Call,2024,2,2024-02-16,4100.0,202402
177,10006880,510500P2402M04100,4.1,510500,P,Put,2024,2,2024-02-16,4100.0,202402
178,10005801,510500C2403M05000,5.0,510500,C,Call,2024,3,2024-03-15,5000.0,202403
179,10005802,510500C2403M05250,5.25,510500,C,Call,2024,3,2024-03-15,5250.0,202403
180,10005803,510500C2403M05500,5.5,510500,C,Call,2024,3,2024-03-15,5500.0,202403
181,10005804,510500C2403M05750,5.75,510500,C,Call,2024,3,2024-03-15,5750.0,202403
182,10005805,510500C2403M06000,6.0,510500,C,Call,2024,3,2024-03-15,6000.0,202403
183,10005806,510500C2403M06250,6.25,510500,C,Call,2024,3,2024-03-15,6250.0,202403
184,10005807,510500C2403M06500,6.5,510500,C,Call,2024,3,2024-03-15,6500.0,202403
185,10005808,510500C2403M06750,6.75,510500,C,Call,2024,3,2024-03-15,6750.0,202403
186,10005809,510500C2403M07000,7.0,510500,C,Call,2024,3,2024-03-15,7000.0,202403
187,10005810,510500P2403M05000,5.0,510500,P,Put,2024,3,2024-03-15,5000.0,202403
188,10005811,510500P2403M05250,5.25,510500,P,Put,2024,3,2024-03-15,5250.0,202403
189,10005812,510500P2403M05500,5.5,510500,P,Put,2024,3,2024-03-15,5500.0,202403
190,10005813,510500P2403M05750,5.75,510500,P,Put,2024,3,2024-03-15,5750.0,202403
191,10005814,510500P2403M06000,6.0,510500,P,Put,2024,3,2024-03-15,6000.0,202403
192,10005815,510500P2403M06250,6.25,510500,P,Put,2024,3,2024-03-15,6250.0,202403
193,10005816,510500P2403M06500,6.5,510500,P,Put,2024,3,2024-03-15,6500.0,202403
194,10005817,510500P2403M06750,6.75,510500,P,Put,2024,3,2024-03-15,6750.0,202403
195,10005818,510500P2403M07000,7.0,510500,P,Put,2024,3,2024-03-15,7000.0,202403
196,10005869,510500C2403M07250,7.25,510500,C,Call,2024,3,2024-03-15,7250.0,202403
197,10005870,510500P2403M07250,7.25,510500,P,Put,2024,3,2024-03-15,7250.0,202403
198,10005905,510500C2403M04900,4.9,510500,C,Call,2024,3,2024-03-15,4900.0,202403
199,10005906,510500P2403M04900,4.9,510500,P,Put,2024,3,2024-03-15,4900.0,202403
200,10006149,510500C2403M04800,4.8,510500,C,Call,2024,3,2024-03-15,4800.0,202403
201,10006150,510500P2403M04800,4.8,510500,P,Put,2024,3,2024-03-15,4800.0,202403
202,10006489,510500C2403M04700,4.7,510500,C,Call,2024,3,2024-03-15,4700.0,202403
203,10006490,510500P2403M04700,4.7,510500,P,Put,2024,3,2024-03-15,4700.0,202403
204,10006717,510500C2403M04600,4.6,510500,C,Call,2024,3,2024-03-15,4600.0,202403
205,10006718,510500P2403M04600,4.6,510500,P,Put,2024,3,2024-03-15,4600.0,202403
206,10006725,510500C2403M04500,4.5,510500,C,Call,2024,3,2024-03-15,4500.0,202403
207,10006726,510500P2403M04500,4.5,510500,P,Put,2024,3,2024-03-15,4500.0,202403
208,10006847,510500C2403M04400,4.4,510500,C,Call,2024,3,2024-03-15,4400.0,202403
209,10006848,510500P2403M04400,4.4,510500,P,Put,2024,3,2024-03-15,4400.0,202403
210,10006867,510500C2403M04200,4.2,510500,C,Call,2024,3,2024-03-15,4200.0,202403
211,10006868,510500C2403M04300,4.3,510500,C,Call,2024,3,2024-03-15,4300.0,202403
212,10006869,510500P2403M04200,4.2,510500,P,Put,2024,3,2024-03-15,4200.0,202403
213,10006870,510500P2403M04300,4.3,510500,P,Put,2024,3,2024-03-15,4300.0,202403
214,10006881,510500C2403M04100,4.1,510500,C,Call,2024,3,2024-03-15,4100.0,202403
215,10006882,510500P2403M04100,4.1,510500,P,Put,2024,3,2024-03-15,4100.0,202403
216,10006951,510500C2404M04700,4.7,510500,C,Call,2024,4,2024-04-19,4700.0,202404
217,10006952,510500C2404M04800,4.8,510500,C,Call,2024,4,2024-04-19,4800.0,202404
218,10006953,510500C2404M04900,4.9,510500,C,Call,2024,4,2024-04-19,4900.0,202404
219,10006954,510500C2404M05000,5.0,510500,C,Call,2024,4,2024-04-19,5000.0,202404
220,10006955,510500C2404M05250,5.25,510500,C,Call,2024,4,2024-04-19,5250.0,202404
221,10006956,510500C2404M05500,5.5,510500,C,Call,2024,4,2024-04-19,5500.0,202404
222,10006957,510500C2404M05750,5.75,510500,C,Call,2024,4,2024-04-19,5750.0,202404
223,10006958,510500C2404M06000,6.0,510500,C,Call,2024,4,2024-04-19,6000.0,202404
224,10006959,510500C2404M06250,6.25,510500,C,Call,2024,4,2024-04-19,6250.0,202404
225,10006960,510500P2404M04700,4.7,510500,P,Put,2024,4,2024-04-19,4700.0,202404
226,10006961,510500P2404M04800,4.8,510500,P,Put,2024,4,2024-04-19,4800.0,202404
227,10006962,510500P2404M04900,4.9,510500,P,Put,2024,4,2024-04-19,4900.0,202404
228,10006963,510500P2404M05000,5.0,510500,P,Put,2024,4,2024-04-19,5000.0,202404
229,10006964,510500P2404M05250,5.25,510500,P,Put,2024,4,2024-04-19,5250.0,202404
230,10006965,510500P2404M05500,5.5,510500,P,Put,2024,4,2024-04-19,5500.0,202404
231,10006966,510500P2404M05750,5.75,510500,P,Put,2024,4,2024-04-19,5750.0,202404
232,10006967,510500P2404M06000,6.0,510500,P,Put,2024,4,2024-04-19,6000.0,202404
233,10006968,510500P2404M06250,6.25,510500,P,Put,2024,4,2024-04-19,6250.0,202404
234,10007009,510500C2404M06500,6.5,510500,C,Call,2024,4,2024-04-19,6500.0,202404
235,10007010,510500P2404M06500,6.5,510500,P,Put,2024,4,2024-04-19,6500.0,202404
236,10007071,510500C2405M04700,4.7,510500,C,Call,2024,5,2024-05-17,4700.0,202405
237,10007071,510500C2405A04700,4.626,,,,,,,,
238,10007072,510500C2405M04800,4.8,510500,C,Call,2024,5,2024-05-17,4800.0,202405
239,10007072,510500C2405A04800,4.724,,,,,,,,
240,10007073,510500C2405M04900,4.9,510500,C,Call,2024,5,2024-05-17,4900.0,202405
241,10007073,510500C2405A04900,4.823,,,,,,,,
242,10007074,510500C2405M05000,5.0,510500,C,Call,2024,5,2024-05-17,5000.0,202405
243,10007074,510500C2405A05000,4.921,,,,,,,,
244,10007075,510500C2405M05250,5.25,510500,C,Call,2024,5,2024-05-17,5250.0,202405
245,10007075,510500C2405A05250,5.167,,,,,,,,
246,10007076,510500C2405M05500,5.5,510500,C,Call,2024,5,2024-05-17,5500.0,202405
247,10007076,510500C2405A05500,5.413,,,,,,,,
248,10007077,510500C2405M05750,5.75,510500,C,Call,2024,5,2024-05-17,5750.0,202405
249,10007077,510500C2405A05750,5.659,,,,,,,,
250,10007078,510500C2405M06000,6.0,510500,C,Call,2024,5,2024-05-17,6000.0,202405
251,10007078,510500C2405A06000,5.906,,,,,,,,
252,10007079,510500C2405M06250,6.25,510500,C,Call,2024,5,2024-05-17,6250.0,202405
253,10007079,510500C2405A06250,6.152,,,,,,,,
254,10007080,510500P2405M04700,4.7,510500,P,Put,2024,5,2024-05-17,4700.0,202405
255,10007080,510500P2405A04700,4.626,,,,,,,,
256,10007081,510500P2405M04800,4.8,510500,P,Put,2024,5,2024-05-17,4800.0,202405
257,10007081,510500P2405A04800,4.724,,,,,,,,
258,10007082,510500P2405M04900,4.9,510500,P,Put,2024,5,2024-05-17,4900.0,202405
259,10007082,510500P2405A04900,4.823,,,,,,,,
260,10007083,510500P2405M05000,5.0,510500,P,Put,2024,5,2024-05-17,5000.0,202405
261,10007083,510500P2405A05000,4.921,,,,,,,,
262,10007084,510500P2405M05250,5.25,510500,P,Put,2024,5,2024-05-17,5250.0,202405
263,10007084,510500P2405A05250,5.167,,,,,,,,
264,10007085,510500P2405M05500,5.5,510500,P,Put,2024,5,2024-05-17,5500.0,202405
265,10007085,510500P2405A05500,5.413,,,,,,,,
266,10007086,510500P2405M05750,5.75,510500,P,Put,2024,5,2024-05-17,5750.0,202405
267,10007086,510500P2405A05750,5.659,,,,,,,,
268,10007087,510500P2405M06000,6.0,510500,P,Put,2024,5,2024-05-17,6000.0,202405
269,10007087,510500P2405A06000,5.906,,,,,,,,
270,10007088,510500P2405M06250,6.25,510500,P,Put,2024,5,2024-05-17,6250.0,202405
271,10007088,510500P2405A06250,6.152,,,,,,,,
272,10007131,510500C2405M06500,6.5,510500,C,Call,2024,5,2024-05-17,6500.0,202405
273,10007131,510500C2405A06500,6.398,,,,,,,,
274,10007132,510500P2405M06500,6.5,510500,P,Put,2024,5,2024-05-17,6500.0,202405
275,10007132,510500P2405A06500,6.398,,,,,,,,
276,10007255,510500C2405M06750,6.75,510500,C,Call,2024,5,2024-05-17,6750.0,202405
277,10007255,510500C2405A06750,6.644,,,,,,,,
278,10007256,510500P2405M06750,6.75,510500,P,Put,2024,5,2024-05-17,6750.0,202405
279,10007256,510500P2405A06750,6.644,,,,,,,,
280,10007261,510500C2405M04800,4.8,510500,C,Call,2024,5,2024-05-17,4800.0,202405
281,10007262,510500C2405M04900,4.9,510500,C,Call,2024,5,2024-05-17,4900.0,202405
282,10007263,510500C2405M05000,5.0,510500,C,Call,2024,5,2024-05-17,5000.0,202405
283,10007264,510500C2405M05250,5.25,510500,C,Call,2024,5,2024-05-17,5250.0,202405
284,10007265,510500C2405M05500,5.5,510500,C,Call,2024,5,2024-05-17,5500.0,202405
285,10007266,510500C2405M05750,5.75,510500,C,Call,2024,5,2024-05-17,5750.0,202405
286,10007267,510500C2405M06000,6.0,510500,C,Call,2024,5,2024-05-17,6000.0,202405
287,10007268,510500C2405M06250,6.25,510500,C,Call,2024,5,2024-05-17,6250.0,202405
288,10007269,510500C2405M06500,6.5,510500,C,Call,2024,5,2024-05-17,6500.0,202405
289,10007270,510500P2405M04800,4.8,510500,P,Put,2024,5,2024-05-17,4800.0,202405
290,10007271,510500P2405M04900,4.9,510500,P,Put,2024,5,2024-05-17,4900.0,202405
291,10007272,510500P2405M05000,5.0,510500,P,Put,2024,5,2024-05-17,5000.0,202405
292,10007273,510500P2405M05250,5.25,510500,P,Put,2024,5,2024-05-17,5250.0,202405
293,10007274,510500P2405M05500,5.5,510500,P,Put,2024,5,2024-05-17,5500.0,202405
294,10007275,510500P2405M05750,5.75,510500,P,Put,2024,5,2024-05-17,5750.0,202405
295,10007276,510500P2405M06000,6.0,510500,P,Put,2024,5,2024-05-17,6000.0,202405
296,10007277,510500P2405M06250,6.25,510500,P,Put,2024,5,2024-05-17,6250.0,202405
297,10007278,510500P2405M06500,6.5,510500,P,Put,2024,5,2024-05-17,6500.0,202405
298,10006203,510500C2406M04800,4.8,510500,C,Call,2024,6,2024-06-21,4800.0,202406
299,10006203,510500C2406A04800,4.724,,,,,,,,
300,10006204,510500C2406M04900,4.9,510500,C,Call,2024,6,2024-06-21,4900.0,202406
301,10006204,510500C2406A04900,4.823,,,,,,,,
302,10006205,510500C2406M05000,5.0,510500,C,Call,2024,6,2024-06-21,5000.0,202406
303,10006205,510500C2406A05000,4.921,,,,,,,,
304,10006206,510500C2406M05250,5.25,510500,C,Call,2024,6,2024-06-21,5250.0,202406
305,10006206,510500C2406A05250,5.167,,,,,,,,
306,10006207,510500C2406M05500,5.5,510500,C,Call,2024,6,2024-06-21,5500.0,202406
307,10006207,510500C2406A05500,5.413,,,,,,,,
308,10006208,510500C2406M05750,5.75,510500,C,Call,2024,6,2024-06-21,5750.0,202406
309,10006208,510500C2406A05750,5.659,,,,,,,,
310,10006209,510500C2406M06000,6.0,510500,C,Call,2024,6,2024-06-21,6000.0,202406
311,10006209,510500C2406A06000,5.906,,,,,,,,
312,10006210,510500C2406M06250,6.25,510500,C,Call,2024,6,2024-06-21,6250.0,202406
313,10006210,510500C2406A06250,6.152,,,,,,,,
314,10006211,510500C2406M06500,6.5,510500,C,Call,2024,6,2024-06-21,6500.0,202406
315,10006211,510500C2406A06500,6.398,,,,,,,,
316,10006212,510500P2406M04800,4.8,510500,P,Put,2024,6,2024-06-21,4800.0,202406
317,10006212,510500P2406A04800,4.724,,,,,,,,
318,10006213,510500P2406M04900,4.9,510500,P,Put,2024,6,2024-06-21,4900.0,202406
319,10006213,510500P2406A04900,4.823,,,,,,,,
320,10006214,510500P2406M05000,5.0,510500,P,Put,2024,6,2024-06-21,5000.0,202406
321,10006214,510500P2406A05000,4.921,,,,,,,,
322,10006215,510500P2406M05250,5.25,510500,P,Put,2024,6,2024-06-21,5250.0,202406
323,10006215,510500P2406A05250,5.167,,,,,,,,
324,10006216,510500P2406M05500,5.5,510500,P,Put,2024,6,2024-06-21,5500.0,202406
325,10006216,510500P2406A05500,5.413,,,,,,,,
326,10006217,510500P2406M05750,5.75,510500,P,Put,2024,6,2024-06-21,5750.0,202406
327,10006217,510500P2406A05750,5.659,,,,,,,,
328,10006218,510500P2406M06000,6.0,510500,P,Put,2024,6,2024-06-21,6000.0,202406
329,10006218,510500P2406A06000,5.906,,,,,,,,
330,10006219,510500P2406M06250,6.25,510500,P,Put,2024,6,2024-06-21,6250.0,202406
331,10006219,510500P2406A06250,6.152,,,,,,,,
332,10006220,510500P2406M06500,6.5,510500,P,Put,2024,6,2024-06-21,6500.0,202406
333,10006220,510500P2406A06500,6.398,,,,,,,,
334,10006263,510500C2406M06750,6.75,510500,C,Call,2024,6,2024-06-21,6750.0,202406
335,10006263,510500C2406A06750,6.644,,,,,,,,
336,10006264,510500P2406M06750,6.75,510500,P,Put,2024,6,2024-06-21,6750.0,202406
337,10006264,510500P2406A06750,6.644,,,,,,,,
338,10006491,510500C2406M04700,4.7,510500,C,Call,2024,6,2024-06-21,4700.0,202406
339,10006491,510500C2406A04700,4.626,,,,,,,,
340,10006492,510500P2406M04700,4.7,510500,P,Put,2024,6,2024-06-21,4700.0,202406
341,10006492,510500P2406A04700,4.626,,,,,,,,
342,10006719,510500C2406M04600,4.6,510500,C,Call,2024,6,2024-06-21,4600.0,202406
343,10006719,510500C2406A04600,4.528,,,,,,,,
344,10006720,510500P2406M04600,4.6,510500,P,Put,2024,6,2024-06-21,4600.0,202406
345,10006720,510500P2406A04600,4.528,,,,,,,,
346,10006727,510500C2406M04500,4.5,510500,C,Call,2024,6,2024-06-21,4500.0,202406
347,10006727,510500C2406A04500,4.429,,,,,,,,
348,10006728,510500P2406M04500,4.5,510500,P,Put,2024,6,2024-06-21,4500.0,202406
349,10006728,510500P2406A04500,4.429,,,,,,,,
350,10006849,510500C2406M04400,4.4,510500,C,Call,2024,6,2024-06-21,4400.0,202406
351,10006849,510500C2406A04400,4.331,,,,,,,,
352,10006850,510500P2406M04400,4.4,510500,P,Put,2024,6,2024-06-21,4400.0,202406
353,10006850,510500P2406A04400,4.331,,,,,,,,
354,10006871,510500C2406M04200,4.2,510500,C,Call,2024,6,2024-06-21,4200.0,202406
355,10006871,510500C2406A04200,4.134,,,,,,,,
356,10006872,510500C2406M04300,4.3,510500,C,Call,2024,6,2024-06-21,4300.0,202406
357,10006872,510500C2406A04300,4.232,,,,,,,,
358,10006873,510500P2406M04200,4.2,510500,P,Put,2024,6,2024-06-21,4200.0,202406
359,10006873,510500P2406A04200,4.134,,,,,,,,
360,10006874,510500P2406M04300,4.3,510500,P,Put,2024,6,2024-06-21,4300.0,202406
361,10006874,510500P2406A04300,4.232,,,,,,,,
362,10006883,510500C2406M04100,4.1,510500,C,Call,2024,6,2024-06-21,4100.0,202406
363,10006883,510500C2406A04100,4.035,,,,,,,,
364,10006884,510500P2406M04100,4.1,510500,P,Put,2024,6,2024-06-21,4100.0,202406
365,10006884,510500P2406A04100,4.035,,,,,,,,
366,10007279,510500C2406M04800,4.8,510500,C,Call,2024,6,2024-06-21,4800.0,202406
367,10007280,510500C2406M04900,4.9,510500,C,Call,2024,6,2024-06-21,4900.0,202406
368,10007281,510500C2406M05000,5.0,510500,C,Call,2024,6,2024-06-21,5000.0,202406
369,10007282,510500C2406M05250,5.25,510500,C,Call,2024,6,2024-06-21,5250.0,202406
370,10007283,510500C2406M05500,5.5,510500,C,Call,2024,6,2024-06-21,5500.0,202406
371,10007284,510500C2406M05750,5.75,510500,C,Call,2024,6,2024-06-21,5750.0,202406
372,10007285,510500C2406M06000,6.0,510500,C,Call,2024,6,2024-06-21,6000.0,202406
373,10007286,510500C2406M06250,6.25,510500,C,Call,2024,6,2024-06-21,6250.0,202406
374,10007287,510500C2406M06500,6.5,510500,C,Call,2024,6,2024-06-21,6500.0,202406
375,10007288,510500P2406M04800,4.8,510500,P,Put,2024,6,2024-06-21,4800.0,202406
376,10007289,510500P2406M04900,4.9,510500,P,Put,2024,6,2024-06-21,4900.0,202406
377,10007290,510500P2406M05000,5.0,510500,P,Put,2024,6,2024-06-21,5000.0,202406
378,10007291,510500P2406M05250,5.25,510500,P,Put,2024,6,2024-06-21,5250.0,202406
379,10007292,510500P2406M05500,5.5,510500,P,Put,2024,6,2024-06-21,5500.0,202406
380,10007293,510500P2406M05750,5.75,510500,P,Put,2024,6,2024-06-21,5750.0,202406
381,10007294,510500P2406M06000,6.0,510500,P,Put,2024,6,2024-06-21,6000.0,202406
382,10007295,510500P2406M06250,6.25,510500,P,Put,2024,6,2024-06-21,6250.0,202406
383,10007296,510500P2406M06500,6.5,510500,P,Put,2024,6,2024-06-21,6500.0,202406
384,10007427,510500C2406M04700,4.7,510500,C,Call,2024,6,2024-06-21,4700.0,202406
385,10007428,510500P2406M04700,4.7,510500,P,Put,2024,6,2024-06-21,4700.0,202406
386,10007443,510500C2406M04600,4.6,510500,C,Call,2024,6,2024-06-21,4600.0,202406
387,10007444,510500P2406M04600,4.6,510500,P,Put,2024,6,2024-06-21,4600.0,202406
388,10007369,510500C2407M04800,4.8,510500,C,Call,2024,7,2024-07-19,4800.0,202407
389,10007370,510500C2407M04900,4.9,510500,C,Call,2024,7,2024-07-19,4900.0,202407
390,10007371,510500C2407M05000,5.0,510500,C,Call,2024,7,2024-07-19,5000.0,202407
391,10007372,510500C2407M05250,5.25,510500,C,Call,2024,7,2024-07-19,5250.0,202407
392,10007373,510500C2407M05500,5.5,510500,C,Call,2024,7,2024-07-19,5500.0,202407
393,10007374,510500C2407M05750,5.75,510500,C,Call,2024,7,2024-07-19,5750.0,202407
394,10007375,510500C2407M06000,6.0,510500,C,Call,2024,7,2024-07-19,6000.0,202407
395,10007376,510500C2407M06250,6.25,510500,C,Call,2024,7,2024-07-19,6250.0,202407
396,10007377,510500C2407M06500,6.5,510500,C,Call,2024,7,2024-07-19,6500.0,202407
397,10007378,510500P2407M04800,4.8,510500,P,Put,2024,7,2024-07-19,4800.0,202407
398,10007379,510500P2407M04900,4.9,510500,P,Put,2024,7,2024-07-19,4900.0,202407
399,10007380,510500P2407M05000,5.0,510500,P,Put,2024,7,2024-07-19,5000.0,202407
400,10007381,510500P2407M05250,5.25,510500,P,Put,2024,7,2024-07-19,5250.0,202407
401,10007382,510500P2407M05500,5.5,510500,P,Put,2024,7,2024-07-19,5500.0,202407
402,10007383,510500P2407M05750,5.75,510500,P,Put,2024,7,2024-07-19,5750.0,202407
403,10007384,510500P2407M06000,6.0,510500,P,Put,2024,7,2024-07-19,6000.0,202407
404,10007385,510500P2407M06250,6.25,510500,P,Put,2024,7,2024-07-19,6250.0,202407
405,10007386,510500P2407M06500,6.5,510500,P,Put,2024,7,2024-07-19,6500.0,202407
406,10007429,510500C2407M04700,4.7,510500,C,Call,2024,7,2024-07-19,4700.0,202407
407,10007430,510500P2407M04700,4.7,510500,P,Put,2024,7,2024-07-19,4700.0,202407
408,10007445,510500C2407M04600,4.6,510500,C,Call,2024,7,2024-07-19,4600.0,202407
409,10007446,510500P2407M04600,4.6,510500,P,Put,2024,7,2024-07-19,4600.0,202407
410,10007547,510500C2407M04500,4.5,510500,C,Call,2024,7,2024-07-19,4500.0,202407
411,10007548,510500P2407M04500,4.5,510500,P,Put,2024,7,2024-07-19,4500.0,202407
412,10007573,510500C2407M04400,4.4,510500,C,Call,2024,7,2024-07-19,4400.0,202407
413,10007574,510500P2407M04400,4.4,510500,P,Put,2024,7,2024-07-19,4400.0,202407
414,10007487,510500C2408M04600,4.6,510500,C,Call,2024,8,2024-08-16,4600.0,202408
415,10007488,510500C2408M04700,4.7,510500,C,Call,2024,8,2024-08-16,4700.0,202408
416,10007489,510500C2408M04800,4.8,510500,C,Call,2024,8,2024-08-16,4800.0,202408
417,10007490,510500C2408M04900,4.9,510500,C,Call,2024,8,2024-08-16,4900.0,202408
418,10007491,510500C2408M05000,5.0,510500,C,Call,2024,8,2024-08-16,5000.0,202408
419,10007492,510500C2408M05250,5.25,510500,C,Call,2024,8,2024-08-16,5250.0,202408
420,10007493,510500C2408M05500,5.5,510500,C,Call,2024,8,2024-08-16,5500.0,202408
421,10007494,510500C2408M05750,5.75,510500,C,Call,2024,8,2024-08-16,5750.0,202408
422,10007495,510500C2408M06000,6.0,510500,C,Call,2024,8,2024-08-16,6000.0,202408
423,10007496,510500P2408M04600,4.6,510500,P,Put,2024,8,2024-08-16,4600.0,202408
424,10007497,510500P2408M04700,4.7,510500,P,Put,2024,8,2024-08-16,4700.0,202408
425,10007498,510500P2408M04800,4.8,510500,P,Put,2024,8,2024-08-16,4800.0,202408
426,10007499,510500P2408M04900,4.9,510500,P,Put,2024,8,2024-08-16,4900.0,202408
427,10007500,510500P2408M05000,5.0,510500,P,Put,2024,8,2024-08-16,5000.0,202408
428,10007501,510500P2408M05250,5.25,510500,P,Put,2024,8,2024-08-16,5250.0,202408
429,10007502,510500P2408M05500,5.5,510500,P,Put,2024,8,2024-08-16,5500.0,202408
430,10007503,510500P2408M05750,5.75,510500,P,Put,2024,8,2024-08-16,5750.0,202408
431,10007504,510500P2408M06000,6.0,510500,P,Put,2024,8,2024-08-16,6000.0,202408
432,10007549,510500C2408M04500,4.5,510500,C,Call,2024,8,2024-08-16,4500.0,202408
433,10007550,510500P2408M04500,4.5,510500,P,Put,2024,8,2024-08-16,4500.0,202408
434,10007575,510500C2408M04400,4.4,510500,C,Call,2024,8,2024-08-16,4400.0,202408
435,10007576,510500P2408M04400,4.4,510500,P,Put,2024,8,2024-08-16,4400.0,202408
436,10007589,510500C2408M04300,4.3,510500,C,Call,2024,8,2024-08-16,4300.0,202408
437,10007590,510500P2408M04300,4.3,510500,P,Put,2024,8,2024-08-16,4300.0,202408
438,10007699,510500C2408M04200,4.2,510500,C,Call,2024,8,2024-08-16,4200.0,202408
439,10007700,510500P2408M04200,4.2,510500,P,Put,2024,8,2024-08-16,4200.0,202408
440,10006765,510500C2409M04600,4.6,510500,C,Call,2024,9,2024-09-20,4600.0,202409
441,10006765,510500C2409A04600,4.528,,,,,,,,
442,10006766,510500C2409M04700,4.7,510500,C,Call,2024,9,2024-09-20,4700.0,202409
443,10006766,510500C2409A04700,4.626,,,,,,,,
444,10006767,510500C2409M04800,4.8,510500,C,Call,2024,9,2024-09-20,4800.0,202409
445,10006767,510500C2409A04800,4.724,,,,,,,,
446,10006768,510500C2409M04900,4.9,510500,C,Call,2024,9,2024-09-20,4900.0,202409
447,10006768,510500C2409A04900,4.823,,,,,,,,
448,10006769,510500C2409M05000,5.0,510500,C,Call,2024,9,2024-09-20,5000.0,202409
449,10006769,510500C2409A05000,4.921,,,,,,,,
450,10006770,510500C2409M05250,5.25,510500,C,Call,2024,9,2024-09-20,5250.0,202409
451,10006770,510500C2409A05250,5.167,,,,,,,,
452,10006771,510500C2409M05500,5.5,510500,C,Call,2024,9,2024-09-20,5500.0,202409
453,10006771,510500C2409A05500,5.413,,,,,,,,
454,10006772,510500C2409M05750,5.75,510500,C,Call,2024,9,2024-09-20,5750.0,202409
455,10006772,510500C2409A05750,5.659,,,,,,,,
456,10006773,510500C2409M06000,6.0,510500,C,Call,2024,9,2024-09-20,6000.0,202409
457,10006773,510500C2409A06000,5.906,,,,,,,,
458,10006774,510500P2409M04600,4.6,510500,P,Put,2024,9,2024-09-20,4600.0,202409
459,10006774,510500P2409A04600,4.528,,,,,,,,
460,10006775,510500P2409M04700,4.7,510500,P,Put,2024,9,2024-09-20,4700.0,202409
461,10006775,510500P2409A04700,4.626,,,,,,,,
462,10006776,510500P2409M04800,4.8,510500,P,Put,2024,9,2024-09-20,4800.0,202409
463,10006776,510500P2409A04800,4.724,,,,,,,,
464,10006777,510500P2409M04900,4.9,510500,P,Put,2024,9,2024-09-20,4900.0,202409
465,10006777,510500P2409A04900,4.823,,,,,,,,
466,10006778,510500P2409M05000,5.0,510500,P,Put,2024,9,2024-09-20,5000.0,202409
467,10006778,510500P2409A05000,4.921,,,,,,,,
468,10006779,510500P2409M05250,5.25,510500,P,Put,2024,9,2024-09-20,5250.0,202409
469,10006779,510500P2409A05250,5.167,,,,,,,,
470,10006780,510500P2409M05500,5.5,510500,P,Put,2024,9,2024-09-20,5500.0,202409
471,10006780,510500P2409A05500,5.413,,,,,,,,
472,10006781,510500P2409M05750,5.75,510500,P,Put,2024,9,2024-09-20,5750.0,202409
473,10006781,510500P2409A05750,5.659,,,,,,,,
474,10006782,510500P2409M06000,6.0,510500,P,Put,2024,9,2024-09-20,6000.0,202409
475,10006782,510500P2409A06000,5.906,,,,,,,,
476,10006821,510500C2409M06250,6.25,510500,C,Call,2024,9,2024-09-20,6250.0,202409
477,10006821,510500C2409A06250,6.152,,,,,,,,
478,10006822,510500P2409M06250,6.25,510500,P,Put,2024,9,2024-09-20,6250.0,202409
479,10006822,510500P2409A06250,6.152,,,,,,,,
480,10006835,510500C2409M04500,4.5,510500,C,Call,2024,9,2024-09-20,4500.0,202409
481,10006835,510500C2409A04500,4.429,,,,,,,,
482,10006836,510500P2409M04500,4.5,510500,P,Put,2024,9,2024-09-20,4500.0,202409
483,10006836,510500P2409A04500,4.429,,,,,,,,
484,10006851,510500C2409M04400,4.4,510500,C,Call,2024,9,2024-09-20,4400.0,202409
485,10006851,510500C2409A04400,4.331,,,,,,,,
486,10006852,510500P2409M04400,4.4,510500,P,Put,2024,9,2024-09-20,4400.0,202409
487,10006852,510500P2409A04400,4.331,,,,,,,,
488,10006875,510500C2409M04200,4.2,510500,C,Call,2024,9,2024-09-20,4200.0,202409
489,10006875,510500C2409A04200,4.134,,,,,,,,
490,10006876,510500C2409M04300,4.3,510500,C,Call,2024,9,2024-09-20,4300.0,202409
491,10006876,510500C2409A04300,4.232,,,,,,,,
492,10006877,510500P2409M04200,4.2,510500,P,Put,2024,9,2024-09-20,4200.0,202409
493,10006877,510500P2409A04200,4.134,,,,,,,,
494,10006878,510500P2409M04300,4.3,510500,P,Put,2024,9,2024-09-20,4300.0,202409
495,10006878,510500P2409A04300,4.232,,,,,,,,
496,10006885,510500C2409M04100,4.1,510500,C,Call,2024,9,2024-09-20,4100.0,202409
497,10006885,510500C2409A04100,4.035,,,,,,,,
498,10006886,510500P2409M04100,4.1,510500,P,Put,2024,9,2024-09-20,4100.0,202409
499,10006886,510500P2409A04100,4.035,,,,,,,,
500,10006911,510500C2409M06500,6.5,510500,C,Call,2024,9,2024-09-20,6500.0,202409
501,10006911,510500C2409A06500,6.398,,,,,,,,
502,10006912,510500P2409M06500,6.5,510500,P,Put,2024,9,2024-09-20,6500.0,202409
503,10006912,510500P2409A06500,6.398,,,,,,,,
504,10007257,510500C2409M06750,6.75,510500,C,Call,2024,9,2024-09-20,6750.0,202409
505,10007257,510500C2409A06750,6.644,,,,,,,,
506,10007258,510500P2409M06750,6.75,510500,P,Put,2024,9,2024-09-20,6750.0,202409
507,10007258,510500P2409A06750,6.644,,,,,,,,
508,10007297,510500C2409M04800,4.8,510500,C,Call,2024,9,2024-09-20,4800.0,202409
509,10007298,510500C2409M04900,4.9,510500,C,Call,2024,9,2024-09-20,4900.0,202409
510,10007299,510500C2409M05000,5.0,510500,C,Call,2024,9,2024-09-20,5000.0,202409
511,10007300,510500C2409M05250,5.25,510500,C,Call,2024,9,2024-09-20,5250.0,202409
512,10007301,510500C2409M05500,5.5,510500,C,Call,2024,9,2024-09-20,5500.0,202409
513,10007302,510500C2409M05750,5.75,510500,C,Call,2024,9,2024-09-20,5750.0,202409
514,10007303,510500C2409M06000,6.0,510500,C,Call,2024,9,2024-09-20,6000.0,202409
515,10007304,510500C2409M06250,6.25,510500,C,Call,2024,9,2024-09-20,6250.0,202409
516,10007305,510500C2409M06500,6.5,510500,C,Call,2024,9,2024-09-20,6500.0,202409
517,10007306,510500P2409M04800,4.8,510500,P,Put,2024,9,2024-09-20,4800.0,202409
518,10007307,510500P2409M04900,4.9,510500,P,Put,2024,9,2024-09-20,4900.0,202409
519,10007308,510500P2409M05000,5.0,510500,P,Put,2024,9,2024-09-20,5000.0,202409
520,10007309,510500P2409M05250,5.25,510500,P,Put,2024,9,2024-09-20,5250.0,202409
521,10007310,510500P2409M05500,5.5,510500,P,Put,2024,9,2024-09-20,5500.0,202409
522,10007311,510500P2409M05750,5.75,510500,P,Put,2024,9,2024-09-20,5750.0,202409
523,10007312,510500P2409M06000,6.0,510500,P,Put,2024,9,2024-09-20,6000.0,202409
524,10007313,510500P2409M06250,6.25,510500,P,Put,2024,9,2024-09-20,6250.0,202409
525,10007314,510500P2409M06500,6.5,510500,P,Put,2024,9,2024-09-20,6500.0,202409
526,10007431,510500C2409M04700,4.7,510500,C,Call,2024,9,2024-09-20,4700.0,202409
527,10007432,510500P2409M04700,4.7,510500,P,Put,2024,9,2024-09-20,4700.0,202409
528,10007447,510500C2409M04600,4.6,510500,C,Call,2024,9,2024-09-20,4600.0,202409
529,10007448,510500P2409M04600,4.6,510500,P,Put,2024,9,2024-09-20,4600.0,202409
530,10007551,510500C2409M04500,4.5,510500,C,Call,2024,9,2024-09-20,4500.0,202409
531,10007552,510500P2409M04500,4.5,510500,P,Put,2024,9,2024-09-20,4500.0,202409
532,10007577,510500C2409M04400,4.4,510500,C,Call,2024,9,2024-09-20,4400.0,202409
533,10007578,510500P2409M04400,4.4,510500,P,Put,2024,9,2024-09-20,4400.0,202409
534,10007591,510500C2409M04300,4.3,510500,C,Call,2024,9,2024-09-20,4300.0,202409
535,10007592,510500P2409M04300,4.3,510500,P,Put,2024,9,2024-09-20,4300.0,202409
536,10007701,510500C2409M04200,4.2,510500,C,Call,2024,9,2024-09-20,4200.0,202409
537,10007702,510500P2409M04200,4.2,510500,P,Put,2024,9,2024-09-20,4200.0,202409
538,10007837,510500C2409M04100,4.1,510500,C,Call,2024,9,2024-09-20,4100.0,202409
539,10007838,510500P2409M04100,4.1,510500,P,Put,2024,9,2024-09-20,4100.0,202409
540,10007745,510500C2410M04200,4.2,510500,C,Call,2024,10,2024-10-18,4200.0,202410
541,10007746,510500C2410M04300,4.3,510500,C,Call,2024,10,2024-10-18,4300.0,202410
542,10007747,510500C2410M04400,4.4,510500,C,Call,2024,10,2024-10-18,4400.0,202410
543,10007748,510500C2410M04500,4.5,510500,C,Call,2024,10,2024-10-18,4500.0,202410
544,10007749,510500C2410M04600,4.6,510500,C,Call,2024,10,2024-10-18,4600.0,202410
545,10007750,510500C2410M04700,4.7,510500,C,Call,2024,10,2024-10-18,4700.0,202410
546,10007751,510500C2410M04800,4.8,510500,C,Call,2024,10,2024-10-18,4800.0,202410
547,10007752,510500C2410M04900,4.9,510500,C,Call,2024,10,2024-10-18,4900.0,202410
548,10007753,510500C2410M05000,5.0,510500,C,Call,2024,10,2024-10-18,5000.0,202410
549,10007754,510500P2410M04200,4.2,510500,P,Put,2024,10,2024-10-18,4200.0,202410
550,10007755,510500P2410M04300,4.3,510500,P,Put,2024,10,2024-10-18,4300.0,202410
551,10007756,510500P2410M04400,4.4,510500,P,Put,2024,10,2024-10-18,4400.0,202410
552,10007757,510500P2410M04500,4.5,510500,P,Put,2024,10,2024-10-18,4500.0,202410
553,10007758,510500P2410M04600,4.6,510500,P,Put,2024,10,2024-10-18,4600.0,202410
554,10007759,510500P2410M04700,4.7,510500,P,Put,2024,10,2024-10-18,4700.0,202410
555,10007760,510500P2410M04800,4.8,510500,P,Put,2024,10,2024-10-18,4800.0,202410
556,10007761,510500P2410M04900,4.9,510500,P,Put,2024,10,2024-10-18,4900.0,202410
557,10007762,510500P2410M05000,5.0,510500,P,Put,2024,10,2024-10-18,5000.0,202410
558,10007807,510500C2410M05250,5.25,510500,C,Call,2024,10,2024-10-18,5250.0,202410
559,10007808,510500P2410M05250,5.25,510500,P,Put,2024,10,2024-10-18,5250.0,202410
560,10007839,510500C2410M04100,4.1,510500,C,Call,2024,10,2024-10-18,4100.0,202410
561,10007840,510500P2410M04100,4.1,510500,P,Put,2024,10,2024-10-18,4100.0,202410
562,10007853,510500C2410M05500,5.5,510500,C,Call,2024,10,2024-10-18,5500.0,202410
563,10007854,510500P2410M05500,5.5,510500,P,Put,2024,10,2024-10-18,5500.0,202410
564,10007971,510500C2410M05750,5.75,510500,C,Call,2024,10,2024-10-18,5750.0,202410
565,10007972,510500C2410M06000,6.0,510500,C,Call,2024,10,2024-10-18,6000.0,202410
566,10007973,510500P2410M05750,5.75,510500,P,Put,2024,10,2024-10-18,5750.0,202410
567,10007974,510500P2410M06000,6.0,510500,P,Put,2024,10,2024-10-18,6000.0,202410
568,10008019,510500C2410M06250,6.25,510500,C,Call,2024,10,2024-10-18,6250.0,202410
569,10008020,510500C2410M06500,6.5,510500,C,Call,2024,10,2024-10-18,6500.0,202410
570,10008021,510500P2410M06250,6.25,510500,P,Put,2024,10,2024-10-18,6250.0,202410
571,10008022,510500P2410M06500,6.5,510500,P,Put,2024,10,2024-10-18,6500.0,202410
572,10008095,510500C2410M06750,6.75,510500,C,Call,2024,10,2024-10-18,6750.0,202410
573,10008096,510500C2410M07000,7.0,510500,C,Call,2024,10,2024-10-18,7000.0,202410
574,10008097,510500P2410M06750,6.75,510500,P,Put,2024,10,2024-10-18,6750.0,202410
575,10008098,510500P2410M07000,7.0,510500,P,Put,2024,10,2024-10-18,7000.0,202410
576,10008189,510500C2410M07250,7.25,510500,C,Call,2024,10,2024-10-18,7250.0,202410
577,10008190,510500P2410M07250,7.25,510500,P,Put,2024,10,2024-10-18,7250.0,202410
578,10007897,510500C2411M04400,4.4,510500,C,Call,2024,11,2024-11-15,4400.0,202411
579,10007898,510500C2411M04500,4.5,510500,C,Call,2024,11,2024-11-15,4500.0,202411
580,10007899,510500C2411M04600,4.6,510500,C,Call,2024,11,2024-11-15,4600.0,202411
581,10007900,510500C2411M04700,4.7,510500,C,Call,2024,11,2024-11-15,4700.0,202411
582,10007901,510500C2411M04800,4.8,510500,C,Call,2024,11,2024-11-15,4800.0,202411
583,10007902,510500C2411M04900,4.9,510500,C,Call,2024,11,2024-11-15,4900.0,202411
584,10007903,510500C2411M05000,5.0,510500,C,Call,2024,11,2024-11-15,5000.0,202411
585,10007904,510500C2411M05250,5.25,510500,C,Call,2024,11,2024-11-15,5250.0,202411
586,10007905,510500C2411M05500,5.5,510500,C,Call,2024,11,2024-11-15,5500.0,202411
587,10007906,510500P2411M04400,4.4,510500,P,Put,2024,11,2024-11-15,4400.0,202411
588,10007907,510500P2411M04500,4.5,510500,P,Put,2024,11,2024-11-15,4500.0,202411
589,10007908,510500P2411M04600,4.6,510500,P,Put,2024,11,2024-11-15,4600.0,202411
590,10007909,510500P2411M04700,4.7,510500,P,Put,2024,11,2024-11-15,4700.0,202411
591,10007910,510500P2411M04800,4.8,510500,P,Put,2024,11,2024-11-15,4800.0,202411
592,10007911,510500P2411M04900,4.9,510500,P,Put,2024,11,2024-11-15,4900.0,202411
593,10007912,510500P2411M05000,5.0,510500,P,Put,2024,11,2024-11-15,5000.0,202411
594,10007913,510500P2411M05250,5.25,510500,P,Put,2024,11,2024-11-15,5250.0,202411
595,10007914,510500P2411M05500,5.5,510500,P,Put,2024,11,2024-11-15,5500.0,202411
596,10007975,510500C2411M05750,5.75,510500,C,Call,2024,11,2024-11-15,5750.0,202411
597,10007976,510500C2411M06000,6.0,510500,C,Call,2024,11,2024-11-15,6000.0,202411
598,10007977,510500P2411M05750,5.75,510500,P,Put,2024,11,2024-11-15,5750.0,202411
599,10007978,510500P2411M06000,6.0,510500,P,Put,2024,11,2024-11-15,6000.0,202411
600,10008023,510500C2411M06250,6.25,510500,C,Call,2024,11,2024-11-15,6250.0,202411
601,10008024,510500C2411M06500,6.5,510500,C,Call,2024,11,2024-11-15,6500.0,202411
602,10008025,510500P2411M06250,6.25,510500,P,Put,2024,11,2024-11-15,6250.0,202411
603,10008026,510500P2411M06500,6.5,510500,P,Put,2024,11,2024-11-15,6500.0,202411
604,10008099,510500C2411M06750,6.75,510500,C,Call,2024,11,2024-11-15,6750.0,202411
605,10008100,510500C2411M07000,7.0,510500,C,Call,2024,11,2024-11-15,7000.0,202411
606,10008101,510500P2411M06750,6.75,510500,P,Put,2024,11,2024-11-15,6750.0,202411
607,10008102,510500P2411M07000,7.0,510500,P,Put,2024,11,2024-11-15,7000.0,202411
608,10008191,510500C2411M07250,7.25,510500,C,Call,2024,11,2024-11-15,7250.0,202411
609,10008192,510500P2411M07250,7.25,510500,P,Put,2024,11,2024-11-15,7250.0,202411
610,10008375,510500C2411M07500,7.5,510500,C,Call,2024,11,2024-11-15,7500.0,202411
611,10008376,510500P2411M07500,7.5,510500,P,Put,2024,11,2024-11-15,7500.0,202411
612,10007175,510500C2412M04700,4.7,510500,C,Call,2024,12,2024-12-20,4700.0,202412
613,10007175,510500C2412A04700,4.626,,,,,,,,
614,10007176,510500C2412M04800,4.8,510500,C,Call,2024,12,2024-12-20,4800.0,202412
615,10007176,510500C2412A04800,4.724,,,,,,,,
616,10007177,510500C2412M04900,4.9,510500,C,Call,2024,12,2024-12-20,4900.0,202412
617,10007177,510500C2412A04900,4.823,,,,,,,,
618,10007178,510500C2412M05000,5.0,510500,C,Call,2024,12,2024-12-20,5000.0,202412
619,10007178,510500C2412A05000,4.921,,,,,,,,
620,10007179,510500C2412M05250,5.25,510500,C,Call,2024,12,2024-12-20,5250.0,202412
621,10007179,510500C2412A05250,5.167,,,,,,,,
622,10007180,510500C2412M05500,5.5,510500,C,Call,2024,12,2024-12-20,5500.0,202412
623,10007180,510500C2412A05500,5.413,,,,,,,,
624,10007181,510500C2412M05750,5.75,510500,C,Call,2024,12,2024-12-20,5750.0,202412
625,10007181,510500C2412A05750,5.659,,,,,,,,
626,10007182,510500C2412M06000,6.0,510500,C,Call,2024,12,2024-12-20,6000.0,202412
627,10007182,510500C2412A06000,5.906,,,,,,,,
628,10007183,510500C2412M06250,6.25,510500,C,Call,2024,12,2024-12-20,6250.0,202412
629,10007183,510500C2412A06250,6.152,,,,,,,,
630,10007184,510500P2412M04700,4.7,510500,P,Put,2024,12,2024-12-20,4700.0,202412
631,10007184,510500P2412A04700,4.626,,,,,,,,
632,10007185,510500P2412M04800,4.8,510500,P,Put,2024,12,2024-12-20,4800.0,202412
633,10007185,510500P2412A04800,4.724,,,,,,,,
634,10007186,510500P2412M04900,4.9,510500,P,Put,2024,12,2024-12-20,4900.0,202412
635,10007186,510500P2412A04900,4.823,,,,,,,,
636,10007187,510500P2412M05000,5.0,510500,P,Put,2024,12,2024-12-20,5000.0,202412
637,10007187,510500P2412A05000,4.921,,,,,,,,
638,10007188,510500P2412M05250,5.25,510500,P,Put,2024,12,2024-12-20,5250.0,202412
639,10007188,510500P2412A05250,5.167,,,,,,,,
640,10007189,510500P2412M05500,5.5,510500,P,Put,2024,12,2024-12-20,5500.0,202412
641,10007189,510500P2412A05500,5.413,,,,,,,,
642,10007190,510500P2412M05750,5.75,510500,P,Put,2024,12,2024-12-20,5750.0,202412
643,10007190,510500P2412A05750,5.659,,,,,,,,
644,10007191,510500P2412M06000,6.0,510500,P,Put,2024,12,2024-12-20,6000.0,202412
645,10007191,510500P2412A06000,5.906,,,,,,,,
646,10007192,510500P2412M06250,6.25,510500,P,Put,2024,12,2024-12-20,6250.0,202412
647,10007192,510500P2412A06250,6.152,,,,,,,,
648,10007233,510500C2412M06500,6.5,510500,C,Call,2024,12,2024-12-20,6500.0,202412
649,10007233,510500C2412A06500,6.398,,,,,,,,
650,10007234,510500P2412M06500,6.5,510500,P,Put,2024,12,2024-12-20,6500.0,202412
651,10007234,510500P2412A06500,6.398,,,,,,,,
652,10007259,510500C2412M06750,6.75,510500,C,Call,2024,12,2024-12-20,6750.0,202412
653,10007259,510500C2412A06750,6.644,,,,,,,,
654,10007260,510500P2412M06750,6.75,510500,P,Put,2024,12,2024-12-20,6750.0,202412
655,10007260,510500P2412A06750,6.644,,,,,,,,
656,10007315,510500C2412M04800,4.8,510500,C,Call,2024,12,2024-12-20,4800.0,202412
657,10007316,510500C2412M04900,4.9,510500,C,Call,2024,12,2024-12-20,4900.0,202412
658,10007317,510500C2412M05000,5.0,510500,C,Call,2024,12,2024-12-20,5000.0,202412
659,10007318,510500C2412M05250,5.25,510500,C,Call,2024,12,2024-12-20,5250.0,202412
660,10007319,510500C2412M05500,5.5,510500,C,Call,2024,12,2024-12-20,5500.0,202412
661,10007320,510500C2412M05750,5.75,510500,C,Call,2024,12,2024-12-20,5750.0,202412
662,10007321,510500C2412M06000,6.0,510500,C,Call,2024,12,2024-12-20,6000.0,202412
663,10007322,510500C2412M06250,6.25,510500,C,Call,2024,12,2024-12-20,6250.0,202412
664,10007323,510500C2412M06500,6.5,510500,C,Call,2024,12,2024-12-20,6500.0,202412
665,10007324,510500P2412M04800,4.8,510500,P,Put,2024,12,2024-12-20,4800.0,202412
666,10007325,510500P2412M04900,4.9,510500,P,Put,2024,12,2024-12-20,4900.0,202412
667,10007326,510500P2412M05000,5.0,510500,P,Put,2024,12,2024-12-20,5000.0,202412
668,10007327,510500P2412M05250,5.25,510500,P,Put,2024,12,2024-12-20,5250.0,202412
669,10007328,510500P2412M05500,5.5,510500,P,Put,2024,12,2024-12-20,5500.0,202412
670,10007329,510500P2412M05750,5.75,510500,P,Put,2024,12,2024-12-20,5750.0,202412
671,10007330,510500P2412M06000,6.0,510500,P,Put,2024,12,2024-12-20,6000.0,202412
672,10007331,510500P2412M06250,6.25,510500,P,Put,2024,12,2024-12-20,6250.0,202412
673,10007332,510500P2412M06500,6.5,510500,P,Put,2024,12,2024-12-20,6500.0,202412
674,10007433,510500C2412M04700,4.7,510500,C,Call,2024,12,2024-12-20,4700.0,202412
675,10007434,510500P2412M04700,4.7,510500,P,Put,2024,12,2024-12-20,4700.0,202412
676,10007449,510500C2412M04600,4.6,510500,C,Call,2024,12,2024-12-20,4600.0,202412
677,10007450,510500P2412M04600,4.6,510500,P,Put,2024,12,2024-12-20,4600.0,202412
678,10007553,510500C2412M04500,4.5,510500,C,Call,2024,12,2024-12-20,4500.0,202412
679,10007554,510500P2412M04500,4.5,510500,P,Put,2024,12,2024-12-20,4500.0,202412
680,10007579,510500C2412M04400,4.4,510500,C,Call,2024,12,2024-12-20,4400.0,202412
681,10007580,510500P2412M04400,4.4,510500,P,Put,2024,12,2024-12-20,4400.0,202412
682,10007593,510500C2412M04300,4.3,510500,C,Call,2024,12,2024-12-20,4300.0,202412
683,10007594,510500P2412M04300,4.3,510500,P,Put,2024,12,2024-12-20,4300.0,202412
684,10007703,510500C2412M04200,4.2,510500,C,Call,2024,12,2024-12-20,4200.0,202412
685,10007704,510500P2412M04200,4.2,510500,P,Put,2024,12,2024-12-20,4200.0,202412
686,10007841,510500C2412M04100,4.1,510500,C,Call,2024,12,2024-12-20,4100.0,202412
687,10007842,510500P2412M04100,4.1,510500,P,Put,2024,12,2024-12-20,4100.0,202412
688,10008103,510500C2412M06750,6.75,510500,C,Call,2024,12,2024-12-20,6750.0,202412
689,10008104,510500C2412M07000,7.0,510500,C,Call,2024,12,2024-12-20,7000.0,202412
690,10008105,510500P2412M06750,6.75,510500,P,Put,2024,12,2024-12-20,6750.0,202412
691,10008106,510500P2412M07000,7.0,510500,P,Put,2024,12,2024-12-20,7000.0,202412
692,10008193,510500C2412M07250,7.25,510500,C,Call,2024,12,2024-12-20,7250.0,202412
693,10008194,510500P2412M07250,7.25,510500,P,Put,2024,12,2024-12-20,7250.0,202412
694,10008377,510500C2412M07500,7.5,510500,C,Call,2024,12,2024-12-20,7500.0,202412
695,10008378,510500P2412M07500,7.5,510500,P,Put,2024,12,2024-12-20,7500.0,202412
696,10008427,510500C2501M05000,5.0,510500,C,Call,2025,1,2025-01-17,5000.0,202501
697,10008427,510500C2501A05000,4.919,,,,,,,,
698,10008428,510500C2501M05250,5.25,510500,C,Call,2025,1,2025-01-17,5250.0,202501
699,10008428,510500C2501A05250,5.165,,,,,,,,
700,10008429,510500C2501M05500,5.5,510500,C,Call,2025,1,2025-01-17,5500.0,202501
701,10008429,510500C2501A05500,5.411,,,,,,,,
702,10008430,510500C2501M05750,5.75,510500,C,Call,2025,1,2025-01-17,5750.0,202501
703,10008430,510500C2501A05750,5.657,,,,,,,,
704,10008431,510500C2501M06000,6.0,510500,C,Call,2025,1,2025-01-17,6000.0,202501
705,10008431,510500C2501A06000,5.903,,,,,,,,
706,10008432,510500C2501M06250,6.25,510500,C,Call,2025,1,2025-01-17,6250.0,202501
707,10008432,510500C2501A06250,6.149,,,,,,,,
708,10008433,510500C2501M06500,6.5,510500,C,Call,2025,1,2025-01-17,6500.0,202501
709,10008433,510500C2501A06500,6.394,,,,,,,,
710,10008434,510500C2501M06750,6.75,510500,C,Call,2025,1,2025-01-17,6750.0,202501
711,10008434,510500C2501A06750,6.64,,,,,,,,
712,10008435,510500C2501M07000,7.0,510500,C,Call,2025,1,2025-01-17,7000.0,202501
713,10008435,510500C2501A07000,6.886,,,,,,,,
714,10008436,510500P2501M05000,5.0,510500,P,Put,2025,1,2025-01-17,5000.0,202501
715,10008436,510500P2501A05000,4.919,,,,,,,,
716,10008437,510500P2501M05250,5.25,510500,P,Put,2025,1,2025-01-17,5250.0,202501
717,10008437,510500P2501A05250,5.165,,,,,,,,
718,10008438,510500P2501M05500,5.5,510500,P,Put,2025,1,2025-01-17,5500.0,202501
719,10008438,510500P2501A05500,5.411,,,,,,,,
720,10008439,510500P2501M05750,5.75,510500,P,Put,2025,1,2025-01-17,5750.0,202501
721,10008439,510500P2501A05750,5.657,,,,,,,,
722,10008440,510500P2501M06000,6.0,510500,P,Put,2025,1,2025-01-17,6000.0,202501
723,10008440,510500P2501A06000,5.903,,,,,,,,
724,10008441,510500P2501M06250,6.25,510500,P,Put,2025,1,2025-01-17,6250.0,202501
725,10008441,510500P2501A06250,6.149,,,,,,,,
726,10008442,510500P2501M06500,6.5,510500,P,Put,2025,1,2025-01-17,6500.0,202501
727,10008442,510500P2501A06500,6.394,,,,,,,,
728,10008443,510500P2501M06750,6.75,510500,P,Put,2025,1,2025-01-17,6750.0,202501
729,10008443,510500P2501A06750,6.64,,,,,,,,
730,10008444,510500P2501M07000,7.0,510500,P,Put,2025,1,2025-01-17,7000.0,202501
731,10008444,510500P2501A07000,6.886,,,,,,,,
732,10008483,510500C2501M04900,4.9,510500,C,Call,2025,1,2025-01-17,4900.0,202501
733,10008483,510500C2501A04900,4.82,,,,,,,,
734,10008484,510500P2501M04900,4.9,510500,P,Put,2025,1,2025-01-17,4900.0,202501
735,10008484,510500P2501A04900,4.82,,,,,,,,
736,10008569,510500C2501M07250,7.25,510500,C,Call,2025,1,2025-01-17,7250.0,202501
737,10008569,510500C2501A07250,7.132,,,,,,,,
738,10008570,510500P2501M07250,7.25,510500,P,Put,2025,1,2025-01-17,7250.0,202501
739,10008570,510500P2501A07250,7.132,,,,,,,,
740,10008689,510500C2501M04800,4.8,510500,C,Call,2025,1,2025-01-17,4800.0,202501
741,10008689,510500C2501A04800,4.722,,,,,,,,
742,10008690,510500P2501M04800,4.8,510500,P,Put,2025,1,2025-01-17,4800.0,202501
743,10008690,510500P2501A04800,4.722,,,,,,,,
744,10008713,510500C2501M04800,4.8,510500,C,Call,2025,1,2025-01-17,4800.0,202501
745,10008714,510500C2501M04900,4.9,510500,C,Call,2025,1,2025-01-17,4900.0,202501
746,10008715,510500C2501M05000,5.0,510500,C,Call,2025,1,2025-01-17,5000.0,202501
747,10008716,510500C2501M05250,5.25,510500,C,Call,2025,1,2025-01-17,5250.0,202501
748,10008717,510500C2501M05500,5.5,510500,C,Call,2025,1,2025-01-17,5500.0,202501
749,10008718,510500C2501M05750,5.75,510500,C,Call,2025,1,2025-01-17,5750.0,202501
750,10008719,510500C2501M06000,6.0,510500,C,Call,2025,1,2025-01-17,6000.0,202501
751,10008720,510500C2501M06250,6.25,510500,C,Call,2025,1,2025-01-17,6250.0,202501
752,10008721,510500C2501M06500,6.5,510500,C,Call,2025,1,2025-01-17,6500.0,202501
753,10008722,510500P2501M04800,4.8,510500,P,Put,2025,1,2025-01-17,4800.0,202501
754,10008723,510500P2501M04900,4.9,510500,P,Put,2025,1,2025-01-17,4900.0,202501
755,10008724,510500P2501M05000,5.0,510500,P,Put,2025,1,2025-01-17,5000.0,202501
756,10008725,510500P2501M05250,5.25,510500,P,Put,2025,1,2025-01-17,5250.0,202501
757,10008726,510500P2501M05500,5.5,510500,P,Put,2025,1,2025-01-17,5500.0,202501
758,10008727,510500P2501M05750,5.75,510500,P,Put,2025,1,2025-01-17,5750.0,202501
759,10008728,510500P2501M06000,6.0,510500,P,Put,2025,1,2025-01-17,6000.0,202501
760,10008729,510500P2501M06250,6.25,510500,P,Put,2025,1,2025-01-17,6250.0,202501
761,10008730,510500P2501M06500,6.5,510500,P,Put,2025,1,2025-01-17,6500.0,202501
762,10008785,510500C2501M06750,6.75,510500,C,Call,2025,1,2025-01-17,6750.0,202501
763,10008786,510500P2501M06750,6.75,510500,P,Put,2025,1,2025-01-17,6750.0,202501
764,10008609,510500C2502M05000,5.0,510500,C,Call,2025,2,2025-02-21,5000.0,202502
765,10008609,510500C2502A05000,4.919,,,,,,,,
766,10008610,510500C2502M05250,5.25,510500,C,Call,2025,2,2025-02-21,5250.0,202502
767,10008610,510500C2502A05250,5.165,,,,,,,,
768,10008611,510500C2502M05500,5.5,510500,C,Call,2025,2,2025-02-21,5500.0,202502
769,10008611,510500C2502A05500,5.411,,,,,,,,
770,10008612,510500C2502M05750,5.75,510500,C,Call,2025,2,2025-02-21,5750.0,202502
771,10008612,510500C2502A05750,5.657,,,,,,,,
772,10008613,510500C2502M06000,6.0,510500,C,Call,2025,2,2025-02-21,6000.0,202502
773,10008613,510500C2502A06000,5.903,,,,,,,,
774,10008614,510500C2502M06250,6.25,510500,C,Call,2025,2,2025-02-21,6250.0,202502
775,10008614,510500C2502A06250,6.149,,,,,,,,
776,10008615,510500C2502M06500,6.5,510500,C,Call,2025,2,2025-02-21,6500.0,202502
777,10008615,510500C2502A06500,6.394,,,,,,,,
778,10008616,510500C2502M06750,6.75,510500,C,Call,2025,2,2025-02-21,6750.0,202502
779,10008616,510500C2502A06750,6.64,,,,,,,,
780,10008617,510500C2502M07000,7.0,510500,C,Call,2025,2,2025-02-21,7000.0,202502
781,10008617,510500C2502A07000,6.886,,,,,,,,
782,10008618,510500P2502M05000,5.0,510500,P,Put,2025,2,2025-02-21,5000.0,202502
783,10008618,510500P2502A05000,4.919,,,,,,,,
784,10008619,510500P2502M05250,5.25,510500,P,Put,2025,2,2025-02-21,5250.0,202502
785,10008619,510500P2502A05250,5.165,,,,,,,,
786,10008620,510500P2502M05500,5.5,510500,P,Put,2025,2,2025-02-21,5500.0,202502
787,10008620,510500P2502A05500,5.411,,,,,,,,
788,10008621,510500P2502M05750,5.75,510500,P,Put,2025,2,2025-02-21,5750.0,202502
789,10008621,510500P2502A05750,5.657,,,,,,,,
790,10008622,510500P2502M06000,6.0,510500,P,Put,2025,2,2025-02-21,6000.0,202502
791,10008622,510500P2502A06000,5.903,,,,,,,,
792,10008623,510500P2502M06250,6.25,510500,P,Put,2025,2,2025-02-21,6250.0,202502
793,10008623,510500P2502A06250,6.149,,,,,,,,
794,10008624,510500P2502M06500,6.5,510500,P,Put,2025,2,2025-02-21,6500.0,202502
795,10008624,510500P2502A06500,6.394,,,,,,,,
796,10008625,510500P2502M06750,6.75,510500,P,Put,2025,2,2025-02-21,6750.0,202502
797,10008625,510500P2502A06750,6.64,,,,,,,,
798,10008626,510500P2502M07000,7.0,510500,P,Put,2025,2,2025-02-21,7000.0,202502
799,10008626,510500P2502A07000,6.886,,,,,,,,
800,10008669,510500C2502M04900,4.9,510500,C,Call,2025,2,2025-02-21,4900.0,202502
801,10008669,510500C2502A04900,4.82,,,,,,,,
802,10008670,510500P2502M04900,4.9,510500,P,Put,2025,2,2025-02-21,4900.0,202502
803,10008670,510500P2502A04900,4.82,,,,,,,,
804,10008691,510500C2502M04800,4.8,510500,C,Call,2025,2,2025-02-21,4800.0,202502
805,10008691,510500C2502A04800,4.722,,,,,,,,
806,10008692,510500P2502M04800,4.8,510500,P,Put,2025,2,2025-02-21,4800.0,202502
807,10008692,510500P2502A04800,4.722,,,,,,,,
808,10008731,510500C2502M04800,4.8,510500,C,Call,2025,2,2025-02-21,4800.0,202502
809,10008732,510500C2502M04900,4.9,510500,C,Call,2025,2,2025-02-21,4900.0,202502
810,10008733,510500C2502M05000,5.0,510500,C,Call,2025,2,2025-02-21,5000.0,202502
811,10008734,510500C2502M05250,5.25,510500,C,Call,2025,2,2025-02-21,5250.0,202502
812,10008735,510500C2502M05500,5.5,510500,C,Call,2025,2,2025-02-21,5500.0,202502
813,10008736,510500C2502M05750,5.75,510500,C,Call,2025,2,2025-02-21,5750.0,202502
814,10008737,510500C2502M06000,6.0,510500,C,Call,2025,2,2025-02-21,6000.0,202502
815,10008738,510500C2502M06250,6.25,510500,C,Call,2025,2,2025-02-21,6250.0,202502
816,10008739,510500C2502M06500,6.5,510500,C,Call,2025,2,2025-02-21,6500.0,202502
817,10008740,510500P2502M04800,4.8,510500,P,Put,2025,2,2025-02-21,4800.0,202502
818,10008741,510500P2502M04900,4.9,510500,P,Put,2025,2,2025-02-21,4900.0,202502
819,10008742,510500P2502M05000,5.0,510500,P,Put,2025,2,2025-02-21,5000.0,202502
820,10008743,510500P2502M05250,5.25,510500,P,Put,2025,2,2025-02-21,5250.0,202502
821,10008744,510500P2502M05500,5.5,510500,P,Put,2025,2,2025-02-21,5500.0,202502
822,10008745,510500P2502M05750,5.75,510500,P,Put,2025,2,2025-02-21,5750.0,202502
823,10008746,510500P2502M06000,6.0,510500,P,Put,2025,2,2025-02-21,6000.0,202502
824,10008747,510500P2502M06250,6.25,510500,P,Put,2025,2,2025-02-21,6250.0,202502
825,10008748,510500P2502M06500,6.5,510500,P,Put,2025,2,2025-02-21,6500.0,202502
826,10008787,510500C2502M06750,6.75,510500,C,Call,2025,2,2025-02-21,6750.0,202502
827,10008788,510500P2502M06750,6.75,510500,P,Put,2025,2,2025-02-21,6750.0,202502
828,10008897,510500C2502M07000,7.0,510500,C,Call,2025,2,2025-02-21,7000.0,202502
829,10008898,510500P2502M07000,7.0,510500,P,Put,2025,2,2025-02-21,7000.0,202502
830,10007631,510500C2503M04300,4.3,510500,C,Call,2025,3,2025-03-21,4300.0,202503
831,10007631,510500C2503A04300,4.23,,,,,,,,
832,10007632,510500C2503M04400,4.4,510500,C,Call,2025,3,2025-03-21,4400.0,202503
833,10007632,510500C2503A04400,4.329,,,,,,,,
834,10007633,510500C2503M04500,4.5,510500,C,Call,2025,3,2025-03-21,4500.0,202503
835,10007633,510500C2503A04500,4.427,,,,,,,,
836,10007634,510500C2503M04600,4.6,510500,C,Call,2025,3,2025-03-21,4600.0,202503
837,10007634,510500C2503A04600,4.525,,,,,,,,
838,10007635,510500C2503M04700,4.7,510500,C,Call,2025,3,2025-03-21,4700.0,202503
839,10007635,510500C2503A04700,4.624,,,,,,,,
840,10007636,510500C2503M04800,4.8,510500,C,Call,2025,3,2025-03-21,4800.0,202503
841,10007636,510500C2503A04800,4.722,,,,,,,,
842,10007637,510500C2503M04900,4.9,510500,C,Call,2025,3,2025-03-21,4900.0,202503
843,10007637,510500C2503A04900,4.82,,,,,,,,
844,10007638,510500C2503M05000,5.0,510500,C,Call,2025,3,2025-03-21,5000.0,202503
845,10007638,510500C2503A05000,4.919,,,,,,,,
846,10007639,510500C2503M05250,5.25,510500,C,Call,2025,3,2025-03-21,5250.0,202503
847,10007639,510500C2503A05250,5.165,,,,,,,,
848,10007640,510500P2503M04300,4.3,510500,P,Put,2025,3,2025-03-21,4300.0,202503
849,10007640,510500P2503A04300,4.23,,,,,,,,
850,10007641,510500P2503M04400,4.4,510500,P,Put,2025,3,2025-03-21,4400.0,202503
851,10007641,510500P2503A04400,4.329,,,,,,,,
852,10007642,510500P2503M04500,4.5,510500,P,Put,2025,3,2025-03-21,4500.0,202503
853,10007642,510500P2503A04500,4.427,,,,,,,,
854,10007643,510500P2503M04600,4.6,510500,P,Put,2025,3,2025-03-21,4600.0,202503
855,10007643,510500P2503A04600,4.525,,,,,,,,
856,10007644,510500P2503M04700,4.7,510500,P,Put,2025,3,2025-03-21,4700.0,202503
857,10007644,510500P2503A04700,4.624,,,,,,,,
858,10007645,510500P2503M04800,4.8,510500,P,Put,2025,3,2025-03-21,4800.0,202503
859,10007645,510500P2503A04800,4.722,,,,,,,,
860,10007646,510500P2503M04900,4.9,510500,P,Put,2025,3,2025-03-21,4900.0,202503
861,10007646,510500P2503A04900,4.82,,,,,,,,
862,10007647,510500P2503M05000,5.0,510500,P,Put,2025,3,2025-03-21,5000.0,202503
863,10007647,510500P2503A05000,4.919,,,,,,,,
864,10007648,510500P2503M05250,5.25,510500,P,Put,2025,3,2025-03-21,5250.0,202503
865,10007648,510500P2503A05250,5.165,,,,,,,,
866,10007685,510500C2503M05500,5.5,510500,C,Call,2025,3,2025-03-21,5500.0,202503
867,10007685,510500C2503A05500,5.411,,,,,,,,
868,10007686,510500P2503M05500,5.5,510500,P,Put,2025,3,2025-03-21,5500.0,202503
869,10007686,510500P2503A05500,5.411,,,,,,,,
870,10007693,510500C2503M05750,5.75,510500,C,Call,2025,3,2025-03-21,5750.0,202503
871,10007693,510500C2503A05750,5.657,,,,,,,,
872,10007694,510500C2503M06000,6.0,510500,C,Call,2025,3,2025-03-21,6000.0,202503
873,10007694,510500C2503A06000,5.903,,,,,,,,
874,10007695,510500P2503M05750,5.75,510500,P,Put,2025,3,2025-03-21,5750.0,202503
875,10007695,510500P2503A05750,5.657,,,,,,,,
876,10007696,510500P2503M06000,6.0,510500,P,Put,2025,3,2025-03-21,6000.0,202503
877,10007696,510500P2503A06000,5.903,,,,,,,,
878,10007705,510500C2503M04200,4.2,510500,C,Call,2025,3,2025-03-21,4200.0,202503
879,10007705,510500C2503A04200,4.132,,,,,,,,
880,10007706,510500P2503M04200,4.2,510500,P,Put,2025,3,2025-03-21,4200.0,202503
881,10007706,510500P2503A04200,4.132,,,,,,,,
882,10007843,510500C2503M04100,4.1,510500,C,Call,2025,3,2025-03-21,4100.0,202503
883,10007843,510500C2503A04100,4.033,,,,,,,,
884,10007844,510500P2503M04100,4.1,510500,P,Put,2025,3,2025-03-21,4100.0,202503
885,10007844,510500P2503A04100,4.033,,,,,,,,
886,10008027,510500C2503M06250,6.25,510500,C,Call,2025,3,2025-03-21,6250.0,202503
887,10008027,510500C2503A06250,6.149,,,,,,,,
888,10008028,510500C2503M06500,6.5,510500,C,Call,2025,3,2025-03-21,6500.0,202503
889,10008028,510500C2503A06500,6.394,,,,,,,,
890,10008029,510500P2503M06250,6.25,510500,P,Put,2025,3,2025-03-21,6250.0,202503
891,10008029,510500P2503A06250,6.149,,,,,,,,
892,10008030,510500P2503M06500,6.5,510500,P,Put,2025,3,2025-03-21,6500.0,202503
893,10008030,510500P2503A06500,6.394,,,,,,,,
894,10008107,510500C2503M06750,6.75,510500,C,Call,2025,3,2025-03-21,6750.0,202503
895,10008107,510500C2503A06750,6.64,,,,,,,,
896,10008108,510500C2503M07000,7.0,510500,C,Call,2025,3,2025-03-21,7000.0,202503
897,10008108,510500C2503A07000,6.886,,,,,,,,
898,10008109,510500P2503M06750,6.75,510500,P,Put,2025,3,2025-03-21,6750.0,202503
899,10008109,510500P2503A06750,6.64,,,,,,,,
900,10008110,510500P2503M07000,7.0,510500,P,Put,2025,3,2025-03-21,7000.0,202503
901,10008110,510500P2503A07000,6.886,,,,,,,,
902,10008195,510500C2503M07250,7.25,510500,C,Call,2025,3,2025-03-21,7250.0,202503
903,10008195,510500C2503A07250,7.132,,,,,,,,
904,10008196,510500P2503M07250,7.25,510500,P,Put,2025,3,2025-03-21,7250.0,202503
905,10008196,510500P2503A07250,7.132,,,,,,,,
906,10008379,510500C2503M07500,7.5,510500,C,Call,2025,3,2025-03-21,7500.0,202503
907,10008379,510500C2503A07500,7.378,,,,,,,,
908,10008380,510500P2503M07500,7.5,510500,P,Put,2025,3,2025-03-21,7500.0,202503
909,10008380,510500P2503A07500,7.378,,,,,,,,
910,10008749,510500C2503M04800,4.8,510500,C,Call,2025,3,2025-03-21,4800.0,202503
911,10008750,510500C2503M04900,4.9,510500,C,Call,2025,3,2025-03-21,4900.0,202503
912,10008751,510500C2503M05000,5.0,510500,C,Call,2025,3,2025-03-21,5000.0,202503
913,10008752,510500C2503M05250,5.25,510500,C,Call,2025,3,2025-03-21,5250.0,202503
914,10008753,510500C2503M05500,5.5,510500,C,Call,2025,3,2025-03-21,5500.0,202503
915,10008754,510500C2503M05750,5.75,510500,C,Call,2025,3,2025-03-21,5750.0,202503
916,10008755,510500C2503M06000,6.0,510500,C,Call,2025,3,2025-03-21,6000.0,202503
917,10008756,510500C2503M06250,6.25,510500,C,Call,2025,3,2025-03-21,6250.0,202503
918,10008757,510500C2503M06500,6.5,510500,C,Call,2025,3,2025-03-21,6500.0,202503
919,10008758,510500P2503M04800,4.8,510500,P,Put,2025,3,2025-03-21,4800.0,202503
920,10008759,510500P2503M04900,4.9,510500,P,Put,2025,3,2025-03-21,4900.0,202503
921,10008760,510500P2503M05000,5.0,510500,P,Put,2025,3,2025-03-21,5000.0,202503
922,10008761,510500P2503M05250,5.25,510500,P,Put,2025,3,2025-03-21,5250.0,202503
923,10008762,510500P2503M05500,5.5,510500,P,Put,2025,3,2025-03-21,5500.0,202503
924,10008763,510500P2503M05750,5.75,510500,P,Put,2025,3,2025-03-21,5750.0,202503
925,10008764,510500P2503M06000,6.0,510500,P,Put,2025,3,2025-03-21,6000.0,202503
926,10008765,510500P2503M06250,6.25,510500,P,Put,2025,3,2025-03-21,6250.0,202503
927,10008766,510500P2503M06500,6.5,510500,P,Put,2025,3,2025-03-21,6500.0,202503
928,10008789,510500C2503M06750,6.75,510500,C,Call,2025,3,2025-03-21,6750.0,202503
929,10008790,510500P2503M06750,6.75,510500,P,Put,2025,3,2025-03-21,6750.0,202503
930,10008899,510500C2503M07000,7.0,510500,C,Call,2025,3,2025-03-21,7000.0,202503
931,10008900,510500P2503M07000,7.0,510500,P,Put,2025,3,2025-03-21,7000.0,202503
932,10009041,510500C2503M07250,7.25,510500,C,Call,2025,3,2025-03-21,7250.0,202503
933,10009042,510500P2503M07250,7.25,510500,P,Put,2025,3,2025-03-21,7250.0,202503
934,10008967,510500C2504M05000,5.0,510500,C,Call,2025,4,2025-04-18,5000.0,202504
935,10008968,510500C2504M05250,5.25,510500,C,Call,2025,4,2025-04-18,5250.0,202504
936,10008969,510500C2504M05500,5.5,510500,C,Call,2025,4,2025-04-18,5500.0,202504
937,10008970,510500C2504M05750,5.75,510500,C,Call,2025,4,2025-04-18,5750.0,202504
938,10008971,510500C2504M06000,6.0,510500,C,Call,2025,4,2025-04-18,6000.0,202504
939,10008972,510500C2504M06250,6.25,510500,C,Call,2025,4,2025-04-18,6250.0,202504
940,10008973,510500C2504M06500,6.5,510500,C,Call,2025,4,2025-04-18,6500.0,202504
941,10008974,510500C2504M06750,6.75,510500,C,Call,2025,4,2025-04-18,6750.0,202504
942,10008975,510500C2504M07000,7.0,510500,C,Call,2025,4,2025-04-18,7000.0,202504
943,10008976,510500P2504M05000,5.0,510500,P,Put,2025,4,2025-04-18,5000.0,202504
944,10008977,510500P2504M05250,5.25,510500,P,Put,2025,4,2025-04-18,5250.0,202504
945,10008978,510500P2504M05500,5.5,510500,P,Put,2025,4,2025-04-18,5500.0,202504
946,10008979,510500P2504M05750,5.75,510500,P,Put,2025,4,2025-04-18,5750.0,202504
947,10008980,510500P2504M06000,6.0,510500,P,Put,2025,4,2025-04-18,6000.0,202504
948,10008981,510500P2504M06250,6.25,510500,P,Put,2025,4,2025-04-18,6250.0,202504
949,10008982,510500P2504M06500,6.5,510500,P,Put,2025,4,2025-04-18,6500.0,202504
950,10008983,510500P2504M06750,6.75,510500,P,Put,2025,4,2025-04-18,6750.0,202504
951,10008984,510500P2504M07000,7.0,510500,P,Put,2025,4,2025-04-18,7000.0,202504
952,10009025,510500C2504M04900,4.9,510500,C,Call,2025,4,2025-04-18,4900.0,202504
953,10009026,510500P2504M04900,4.9,510500,P,Put,2025,4,2025-04-18,4900.0,202504
954,10009043,510500C2504M07250,7.25,510500,C,Call,2025,4,2025-04-18,7250.0,202504
955,10009044,510500P2504M07250,7.25,510500,P,Put,2025,4,2025-04-18,7250.0,202504
956,10009183,510500C2504M04700,4.7,510500,C,Call,2025,4,2025-04-18,4700.0,202504
957,10009184,510500C2504M04800,4.8,510500,C,Call,2025,4,2025-04-18,4800.0,202504
958,10009185,510500P2504M04700,4.7,510500,P,Put,2025,4,2025-04-18,4700.0,202504
959,10009186,510500P2504M04800,4.8,510500,P,Put,2025,4,2025-04-18,4800.0,202504
960,10009087,510500C2505M05000,5.0,510500,C,Call,2025,5,2025-05-16,5000.0,202505
961,10009088,510500C2505M05250,5.25,510500,C,Call,2025,5,2025-05-16,5250.0,202505
962,10009089,510500C2505M05500,5.5,510500,C,Call,2025,5,2025-05-16,5500.0,202505
963,10009090,510500C2505M05750,5.75,510500,C,Call,2025,5,2025-05-16,5750.0,202505
964,10009091,510500C2505M06000,6.0,510500,C,Call,2025,5,2025-05-16,6000.0,202505
965,10009092,510500C2505M06250,6.25,510500,C,Call,2025,5,2025-05-16,6250.0,202505
966,10009093,510500C2505M06500,6.5,510500,C,Call,2025,5,2025-05-16,6500.0,202505
967,10009094,510500C2505M06750,6.75,510500,C,Call,2025,5,2025-05-16,6750.0,202505
968,10009095,510500C2505M07000,7.0,510500,C,Call,2025,5,2025-05-16,7000.0,202505
969,10009096,510500P2505M05000,5.0,510500,P,Put,2025,5,2025-05-16,5000.0,202505
970,10009097,510500P2505M05250,5.25,510500,P,Put,2025,5,2025-05-16,5250.0,202505
971,10009098,510500P2505M05500,5.5,510500,P,Put,2025,5,2025-05-16,5500.0,202505
972,10009099,510500P2505M05750,5.75,510500,P,Put,2025,5,2025-05-16,5750.0,202505
973,10009100,510500P2505M06000,6.0,510500,P,Put,2025,5,2025-05-16,6000.0,202505
974,10009101,510500P2505M06250,6.25,510500,P,Put,2025,5,2025-05-16,6250.0,202505
975,10009102,510500P2505M06500,6.5,510500,P,Put,2025,5,2025-05-16,6500.0,202505
976,10009103,510500P2505M06750,6.75,510500,P,Put,2025,5,2025-05-16,6750.0,202505
977,10009104,510500P2505M07000,7.0,510500,P,Put,2025,5,2025-05-16,7000.0,202505
978,10009141,510500C2505M04900,4.9,510500,C,Call,2025,5,2025-05-16,4900.0,202505
979,10009142,510500P2505M04900,4.9,510500,P,Put,2025,5,2025-05-16,4900.0,202505
980,10009187,510500C2505M04700,4.7,510500,C,Call,2025,5,2025-05-16,4700.0,202505
981,10009188,510500C2505M04800,4.8,510500,C,Call,2025,5,2025-05-16,4800.0,202505
982,10009189,510500P2505M04700,4.7,510500,P,Put,2025,5,2025-05-16,4700.0,202505
983,10009190,510500P2505M04800,4.8,510500,P,Put,2025,5,2025-05-16,4800.0,202505
984,10008297,510500C2506M04900,4.9,510500,C,Call,2025,6,2025-06-20,4900.0,202506
985,10008297,510500C2506A04900,4.82,,,,,,,,
986,10008298,510500C2506M05000,5.0,510500,C,Call,2025,6,2025-06-20,5000.0,202506
987,10008298,510500C2506A05000,4.919,,,,,,,,
988,10008299,510500C2506M05250,5.25,510500,C,Call,2025,6,2025-06-20,5250.0,202506
989,10008299,510500C2506A05250,5.165,,,,,,,,
990,10008300,510500C2506M05500,5.5,510500,C,Call,2025,6,2025-06-20,5500.0,202506
991,10008300,510500C2506A05500,5.411,,,,,,,,
992,10008301,510500C2506M05750,5.75,510500,C,Call,2025,6,2025-06-20,5750.0,202506
993,10008301,510500C2506A05750,5.657,,,,,,,,
994,10008302,510500C2506M06000,6.0,510500,C,Call,2025,6,2025-06-20,6000.0,202506
995,10008302,510500C2506A06000,5.903,,,,,,,,
996,10008303,510500C2506M06250,6.25,510500,C,Call,2025,6,2025-06-20,6250.0,202506
997,10008303,510500C2506A06250,6.149,,,,,,,,
998,10008304,510500C2506M06500,6.5,510500,C,Call,2025,6,2025-06-20,6500.0,202506
999,10008304,510500C2506A06500,6.394,,,,,,,,
1000,10008305,510500C2506M06750,6.75,510500,C,Call,2025,6,2025-06-20,6750.0,202506
1001,10008305,510500C2506A06750,6.64,,,,,,,,
1002,10008306,510500P2506M04900,4.9,510500,P,Put,2025,6,2025-06-20,4900.0,202506
1003,10008306,510500P2506A04900,4.82,,,,,,,,
1004,10008307,510500P2506M05000,5.0,510500,P,Put,2025,6,2025-06-20,5000.0,202506
1005,10008307,510500P2506A05000,4.919,,,,,,,,
1006,10008308,510500P2506M05250,5.25,510500,P,Put,2025,6,2025-06-20,5250.0,202506
1007,10008308,510500P2506A05250,5.165,,,,,,,,
1008,10008309,510500P2506M05500,5.5,510500,P,Put,2025,6,2025-06-20,5500.0,202506
1009,10008309,510500P2506A05500,5.411,,,,,,,,
1010,10008310,510500P2506M05750,5.75,510500,P,Put,2025,6,2025-06-20,5750.0,202506
1011,10008310,510500P2506A05750,5.657,,,,,,,,
1012,10008311,510500P2506M06000,6.0,510500,P,Put,2025,6,2025-06-20,6000.0,202506
1013,10008311,510500P2506A06000,5.903,,,,,,,,
1014,10008312,510500P2506M06250,6.25,510500,P,Put,2025,6,2025-06-20,6250.0,202506
1015,10008312,510500P2506A06250,6.149,,,,,,,,
1016,10008313,510500P2506M06500,6.5,510500,P,Put,2025,6,2025-06-20,6500.0,202506
1017,10008313,510500P2506A06500,6.394,,,,,,,,
1018,10008314,510500P2506M06750,6.75,510500,P,Put,2025,6,2025-06-20,6750.0,202506
1019,10008314,510500P2506A06750,6.64,,,,,,,,
1020,10008353,510500C2506M07000,7.0,510500,C,Call,2025,6,2025-06-20,7000.0,202506
1021,10008353,510500C2506A07000,6.886,,,,,,,,
1022,10008354,510500P2506M07000,7.0,510500,P,Put,2025,6,2025-06-20,7000.0,202506
1023,10008354,510500P2506A07000,6.886,,,,,,,,
1024,10008363,510500C2506M07250,7.25,510500,C,Call,2025,6,2025-06-20,7250.0,202506
1025,10008363,510500C2506A07250,7.132,,,,,,,,
1026,10008364,510500P2506M07250,7.25,510500,P,Put,2025,6,2025-06-20,7250.0,202506
1027,10008364,510500P2506A07250,7.132,,,,,,,,
1028,10008381,510500C2506M07500,7.5,510500,C,Call,2025,6,2025-06-20,7500.0,202506
1029,10008381,510500C2506A07500,7.378,,,,,,,,
1030,10008382,510500P2506M07500,7.5,510500,P,Put,2025,6,2025-06-20,7500.0,202506
1031,10008382,510500P2506A07500,7.378,,,,,,,,
1032,10008693,510500C2506M04800,4.8,510500,C,Call,2025,6,2025-06-20,4800.0,202506
1033,10008693,510500C2506A04800,4.722,,,,,,,,
1034,10008694,510500P2506M04800,4.8,510500,P,Put,2025,6,2025-06-20,4800.0,202506
1035,10008694,510500P2506A04800,4.722,,,,,,,,
1036,10008767,510500C2506M04800,4.8,510500,C,Call,2025,6,2025-06-20,4800.0,202506
1037,10008768,510500C2506M04900,4.9,510500,C,Call,2025,6,2025-06-20,4900.0,202506
1038,10008769,510500C2506M05000,5.0,510500,C,Call,2025,6,2025-06-20,5000.0,202506
1039,10008770,510500C2506M05250,5.25,510500,C,Call,2025,6,2025-06-20,5250.0,202506
1040,10008771,510500C2506M05500,5.5,510500,C,Call,2025,6,2025-06-20,5500.0,202506
1041,10008772,510500C2506M05750,5.75,510500,C,Call,2025,6,2025-06-20,5750.0,202506
1042,10008773,510500C2506M06000,6.0,510500,C,Call,2025,6,2025-06-20,6000.0,202506
1043,10008774,510500C2506M06250,6.25,510500,C,Call,2025,6,2025-06-20,6250.0,202506
1044,10008775,510500C2506M06500,6.5,510500,C,Call,2025,6,2025-06-20,6500.0,202506
1045,10008776,510500P2506M04800,4.8,510500,P,Put,2025,6,2025-06-20,4800.0,202506
1046,10008777,510500P2506M04900,4.9,510500,P,Put,2025,6,2025-06-20,4900.0,202506
1047,10008778,510500P2506M05000,5.0,510500,P,Put,2025,6,2025-06-20,5000.0,202506
1048,10008779,510500P2506M05250,5.25,510500,P,Put,2025,6,2025-06-20,5250.0,202506
1049,10008780,510500P2506M05500,5.5,510500,P,Put,2025,6,2025-06-20,5500.0,202506
1050,10008781,510500P2506M05750,5.75,510500,P,Put,2025,6,2025-06-20,5750.0,202506
1051,10008782,510500P2506M06000,6.0,510500,P,Put,2025,6,2025-06-20,6000.0,202506
1052,10008783,510500P2506M06250,6.25,510500,P,Put,2025,6,2025-06-20,6250.0,202506
1053,10008784,510500P2506M06500,6.5,510500,P,Put,2025,6,2025-06-20,6500.0,202506
1054,10008791,510500C2506M06750,6.75,510500,C,Call,2025,6,2025-06-20,6750.0,202506
1055,10008792,510500P2506M06750,6.75,510500,P,Put,2025,6,2025-06-20,6750.0,202506
1056,10008901,510500C2506M07000,7.0,510500,C,Call,2025,6,2025-06-20,7000.0,202506
1057,10008902,510500P2506M07000,7.0,510500,P,Put,2025,6,2025-06-20,7000.0,202506
1058,10009045,510500C2506M07250,7.25,510500,C,Call,2025,6,2025-06-20,7250.0,202506
1059,10009046,510500P2506M07250,7.25,510500,P,Put,2025,6,2025-06-20,7250.0,202506
1060,10009191,510500C2506M04700,4.7,510500,C,Call,2025,6,2025-06-20,4700.0,202506
1061,10009192,510500P2506M04700,4.7,510500,P,Put,2025,6,2025-06-20,4700.0,202506
1062,10009359,510500C2507M04900,4.9,510500,C,Call,2025,7,2025-07-18,4900.0,202507
1063,10009360,510500C2507M05000,5.0,510500,C,Call,2025,7,2025-07-18,5000.0,202507
1064,10009361,510500C2507M05250,5.25,510500,C,Call,2025,7,2025-07-18,5250.0,202507
1065,10009362,510500C2507M05500,5.5,510500,C,Call,2025,7,2025-07-18,5500.0,202507
1066,10009363,510500C2507M05750,5.75,510500,C,Call,2025,7,2025-07-18,5750.0,202507
1067,10009364,510500C2507M06000,6.0,510500,C,Call,2025,7,2025-07-18,6000.0,202507
1068,10009365,510500C2507M06250,6.25,510500,C,Call,2025,7,2025-07-18,6250.0,202507
1069,10009366,510500C2507M06500,6.5,510500,C,Call,2025,7,2025-07-18,6500.0,202507
1070,10009367,510500C2507M06750,6.75,510500,C,Call,2025,7,2025-07-18,6750.0,202507
1071,10009368,510500P2507M04900,4.9,510500,P,Put,2025,7,2025-07-18,4900.0,202507
1072,10009369,510500P2507M05000,5.0,510500,P,Put,2025,7,2025-07-18,5000.0,202507
1073,10009370,510500P2507M05250,5.25,510500,P,Put,2025,7,2025-07-18,5250.0,202507
1074,10009371,510500P2507M05500,5.5,510500,P,Put,2025,7,2025-07-18,5500.0,202507
1075,10009372,510500P2507M05750,5.75,510500,P,Put,2025,7,2025-07-18,5750.0,202507
1076,10009373,510500P2507M06000,6.0,510500,P,Put,2025,7,2025-07-18,6000.0,202507
1077,10009374,510500P2507M06250,6.25,510500,P,Put,2025,7,2025-07-18,6250.0,202507
1078,10009375,510500P2507M06500,6.5,510500,P,Put,2025,7,2025-07-18,6500.0,202507
1079,10009376,510500P2507M06750,6.75,510500,P,Put,2025,7,2025-07-18,6750.0,202507
1080,10009505,510500C2507M07000,7.0,510500,C,Call,2025,7,2025-07-18,7000.0,202507
1081,10009506,510500P2507M07000,7.0,510500,P,Put,2025,7,2025-07-18,7000.0,202507
1082,10009611,510500C2507M07250,7.25,510500,C,Call,2025,7,2025-07-18,7250.0,202507
1083,10009612,510500P2507M07250,7.25,510500,P,Put,2025,7,2025-07-18,7250.0,202507
1084,10009545,510500C2508M05000,5.0,510500,C,Call,2025,8,2025-08-15,5000.0,202508
1085,10009546,510500C2508M05250,5.25,510500,C,Call,2025,8,2025-08-15,5250.0,202508
1086,10009547,510500C2508M05500,5.5,510500,C,Call,2025,8,2025-08-15,5500.0,202508
1087,10009548,510500C2508M05750,5.75,510500,C,Call,2025,8,2025-08-15,5750.0,202508
1088,10009549,510500C2508M06000,6.0,510500,C,Call,2025,8,2025-08-15,6000.0,202508
1089,10009550,510500C2508M06250,6.25,510500,C,Call,2025,8,2025-08-15,6250.0,202508
1090,10009551,510500C2508M06500,6.5,510500,C,Call,2025,8,2025-08-15,6500.0,202508
1091,10009552,510500C2508M06750,6.75,510500,C,Call,2025,8,2025-08-15,6750.0,202508
1092,10009553,510500C2508M07000,7.0,510500,C,Call,2025,8,2025-08-15,7000.0,202508
1093,10009554,510500P2508M05000,5.0,510500,P,Put,2025,8,2025-08-15,5000.0,202508
1094,10009555,510500P2508M05250,5.25,510500,P,Put,2025,8,2025-08-15,5250.0,202508
1095,10009556,510500P2508M05500,5.5,510500,P,Put,2025,8,2025-08-15,5500.0,202508
1096,10009557,510500P2508M05750,5.75,510500,P,Put,2025,8,2025-08-15,5750.0,202508
1097,10009558,510500P2508M06000,6.0,510500,P,Put,2025,8,2025-08-15,6000.0,202508
1098,10009559,510500P2508M06250,6.25,510500,P,Put,2025,8,2025-08-15,6250.0,202508
1099,10009560,510500P2508M06500,6.5,510500,P,Put,2025,8,2025-08-15,6500.0,202508
1100,10009561,510500P2508M06750,6.75,510500,P,Put,2025,8,2025-08-15,6750.0,202508
1101,10009562,510500P2508M07000,7.0,510500,P,Put,2025,8,2025-08-15,7000.0,202508
1102,10009613,510500C2508M07250,7.25,510500,C,Call,2025,8,2025-08-15,7250.0,202508
1103,10009614,510500P2508M07250,7.25,510500,P,Put,2025,8,2025-08-15,7250.0,202508
1104,10009741,510500C2508M07500,7.5,510500,C,Call,2025,8,2025-08-15,7500.0,202508
1105,10009742,510500P2508M07500,7.5,510500,P,Put,2025,8,2025-08-15,7500.0,202508
1106,10009765,510500C2508M07750,7.75,510500,C,Call,2025,8,2025-08-15,7750.0,202508
1107,10009766,510500P2508M07750,7.75,510500,P,Put,2025,8,2025-08-15,7750.0,202508
1108,10009825,510500C2508M08000,8.0,510500,C,Call,2025,8,2025-08-15,8000.0,202508
1109,10009826,510500P2508M08000,8.0,510500,P,Put,2025,8,2025-08-15,8000.0,202508
1110,10008829,510500C2509M04800,4.8,510500,C,Call,2025,9,2025-09-19,4800.0,202509
1111,10008830,510500C2509M04900,4.9,510500,C,Call,2025,9,2025-09-19,4900.0,202509
1112,10008831,510500C2509M05000,5.0,510500,C,Call,2025,9,2025-09-19,5000.0,202509
1113,10008832,510500C2509M05250,5.25,510500,C,Call,2025,9,2025-09-19,5250.0,202509
1114,10008833,510500C2509M05500,5.5,510500,C,Call,2025,9,2025-09-19,5500.0,202509
1115,10008834,510500C2509M05750,5.75,510500,C,Call,2025,9,2025-09-19,5750.0,202509
1116,10008835,510500C2509M06000,6.0,510500,C,Call,2025,9,2025-09-19,6000.0,202509
1117,10008836,510500C2509M06250,6.25,510500,C,Call,2025,9,2025-09-19,6250.0,202509
1118,10008837,510500C2509M06500,6.5,510500,C,Call,2025,9,2025-09-19,6500.0,202509
1119,10008838,510500P2509M04800,4.8,510500,P,Put,2025,9,2025-09-19,4800.0,202509
1120,10008839,510500P2509M04900,4.9,510500,P,Put,2025,9,2025-09-19,4900.0,202509
1121,10008840,510500P2509M05000,5.0,510500,P,Put,2025,9,2025-09-19,5000.0,202509
1122,10008841,510500P2509M05250,5.25,510500,P,Put,2025,9,2025-09-19,5250.0,202509
1123,10008842,510500P2509M05500,5.5,510500,P,Put,2025,9,2025-09-19,5500.0,202509
1124,10008843,510500P2509M05750,5.75,510500,P,Put,2025,9,2025-09-19,5750.0,202509
1125,10008844,510500P2509M06000,6.0,510500,P,Put,2025,9,2025-09-19,6000.0,202509
1126,10008845,510500P2509M06250,6.25,510500,P,Put,2025,9,2025-09-19,6250.0,202509
1127,10008846,510500P2509M06500,6.5,510500,P,Put,2025,9,2025-09-19,6500.0,202509
1128,10008887,510500C2509M06750,6.75,510500,C,Call,2025,9,2025-09-19,6750.0,202509
1129,10008888,510500P2509M06750,6.75,510500,P,Put,2025,9,2025-09-19,6750.0,202509
1130,10008903,510500C2509M07000,7.0,510500,C,Call,2025,9,2025-09-19,7000.0,202509
1131,10008904,510500P2509M07000,7.0,510500,P,Put,2025,9,2025-09-19,7000.0,202509
1132,10009047,510500C2509M07250,7.25,510500,C,Call,2025,9,2025-09-19,7250.0,202509
1133,10009048,510500P2509M07250,7.25,510500,P,Put,2025,9,2025-09-19,7250.0,202509
1134,10009193,510500C2509M04700,4.7,510500,C,Call,2025,9,2025-09-19,4700.0,202509
1135,10009194,510500P2509M04700,4.7,510500,P,Put,2025,9,2025-09-19,4700.0,202509
1136,10009743,510500C2509M07500,7.5,510500,C,Call,2025,9,2025-09-19,7500.0,202509
1137,10009744,510500P2509M07500,7.5,510500,P,Put,2025,9,2025-09-19,7500.0,202509
1138,10009767,510500C2509M07750,7.75,510500,C,Call,2025,9,2025-09-19,7750.0,202509
1139,10009768,510500P2509M07750,7.75,510500,P,Put,2025,9,2025-09-19,7750.0,202509
1140,10009827,510500C2509M08000,8.0,510500,C,Call,2025,9,2025-09-19,8000.0,202509
1141,10009828,510500P2509M08000,8.0,510500,P,Put,2025,9,2025-09-19,8000.0,202509
1142,10010007,510500C2509M08250,8.25,510500,C,Call,2025,9,2025-09-19,8250.0,202509
1143,10010008,510500P2509M08250,8.25,510500,P,Put,2025,9,2025-09-19,8250.0,202509
1144,10009925,510500C2510M06000,6.0,510500,C,Call,2025,10,2025-10-17,6000.0,202510
1145,10009926,510500C2510M06250,6.25,510500,C,Call,2025,10,2025-10-17,6250.0,202510
1146,10009927,510500C2510M06500,6.5,510500,C,Call,2025,10,2025-10-17,6500.0,202510
1147,10009928,510500C2510M06750,6.75,510500,C,Call,2025,10,2025-10-17,6750.0,202510
1148,10009929,510500C2510M07000,7.0,510500,C,Call,2025,10,2025-10-17,7000.0,202510
1149,10009930,510500C2510M07250,7.25,510500,C,Call,2025,10,2025-10-17,7250.0,202510
1150,10009931,510500C2510M07500,7.5,510500,C,Call,2025,10,2025-10-17,7500.0,202510
1151,10009932,510500C2510M07750,7.75,510500,C,Call,2025,10,2025-10-17,7750.0,202510
1152,10009933,510500C2510M08000,8.0,510500,C,Call,2025,10,2025-10-17,8000.0,202510
1153,10009934,510500P2510M06000,6.0,510500,P,Put,2025,10,2025-10-17,6000.0,202510
1154,10009935,510500P2510M06250,6.25,510500,P,Put,2025,10,2025-10-17,6250.0,202510
1155,10009936,510500P2510M06500,6.5,510500,P,Put,2025,10,2025-10-17,6500.0,202510
1156,10009937,510500P2510M06750,6.75,510500,P,Put,2025,10,2025-10-17,6750.0,202510
1157,10009938,510500P2510M07000,7.0,510500,P,Put,2025,10,2025-10-17,7000.0,202510
1158,10009939,510500P2510M07250,7.25,510500,P,Put,2025,10,2025-10-17,7250.0,202510
1159,10009940,510500P2510M07500,7.5,510500,P,Put,2025,10,2025-10-17,7500.0,202510
1160,10009941,510500P2510M07750,7.75,510500,P,Put,2025,10,2025-10-17,7750.0,202510
1161,10009942,510500P2510M08000,8.0,510500,P,Put,2025,10,2025-10-17,8000.0,202510
1162,10010009,510500C2510M08250,8.25,510500,C,Call,2025,10,2025-10-17,8250.0,202510
1163,10010010,510500P2510M08250,8.25,510500,P,Put,2025,10,2025-10-17,8250.0,202510
1164,10010017,510500C2510M05750,5.75,510500,C,Call,2025,10,2025-10-17,5750.0,202510
1165,10010018,510500P2510M05750,5.75,510500,P,Put,2025,10,2025-10-17,5750.0,202510
1166,10010047,510500C2510M08500,8.5,510500,C,Call,2025,10,2025-10-17,8500.0,202510
1167,10010048,510500P2510M08500,8.5,510500,P,Put,2025,10,2025-10-17,8500.0,202510
1168,10010183,510500C2510M08750,8.75,510500,C,Call,2025,10,2025-10-17,8750.0,202510
1169,10010184,510500P2510M08750,8.75,510500,P,Put,2025,10,2025-10-17,8750.0,202510
1170,10010101,510500C2511M06500,6.5,510500,C,Call,2025,11,2025-11-21,6500.0,202511
1171,10010102,510500C2511M06750,6.75,510500,C,Call,2025,11,2025-11-21,6750.0,202511
1172,10010103,510500C2511M07000,7.0,510500,C,Call,2025,11,2025-11-21,7000.0,202511
1173,10010104,510500C2511M07250,7.25,510500,C,Call,2025,11,2025-11-21,7250.0,202511
1174,10010105,510500C2511M07500,7.5,510500,C,Call,2025,11,2025-11-21,7500.0,202511
1175,10010106,510500C2511M07750,7.75,510500,C,Call,2025,11,2025-11-21,7750.0,202511
1176,10010107,510500C2511M08000,8.0,510500,C,Call,2025,11,2025-11-21,8000.0,202511
1177,10010108,510500C2511M08250,8.25,510500,C,Call,2025,11,2025-11-21,8250.0,202511
1178,10010109,510500C2511M08500,8.5,510500,C,Call,2025,11,2025-11-21,8500.0,202511
1179,10010110,510500P2511M06500,6.5,510500,P,Put,2025,11,2025-11-21,6500.0,202511
1180,10010111,510500P2511M06750,6.75,510500,P,Put,2025,11,2025-11-21,6750.0,202511
1181,10010112,510500P2511M07000,7.0,510500,P,Put,2025,11,2025-11-21,7000.0,202511
1182,10010113,510500P2511M07250,7.25,510500,P,Put,2025,11,2025-11-21,7250.0,202511
1183,10010114,510500P2511M07500,7.5,510500,P,Put,2025,11,2025-11-21,7500.0,202511
1184,10010115,510500P2511M07750,7.75,510500,P,Put,2025,11,2025-11-21,7750.0,202511
1185,10010116,510500P2511M08000,8.0,510500,P,Put,2025,11,2025-11-21,8000.0,202511
1186,10010117,510500P2511M08250,8.25,510500,P,Put,2025,11,2025-11-21,8250.0,202511
1187,10010118,510500P2511M08500,8.5,510500,P,Put,2025,11,2025-11-21,8500.0,202511
1188,10010155,510500C2511M06250,6.25,510500,C,Call,2025,11,2025-11-21,6250.0,202511
1189,10010156,510500P2511M06250,6.25,510500,P,Put,2025,11,2025-11-21,6250.0,202511
1190,10010185,510500C2511M08750,8.75,510500,C,Call,2025,11,2025-11-21,8750.0,202511
1191,10010186,510500P2511M08750,8.75,510500,P,Put,2025,11,2025-11-21,8750.0,202511
1192,10010283,510500C2511M06000,6.0,510500,C,Call,2025,11,2025-11-21,6000.0,202511
1193,10010284,510500P2511M06000,6.0,510500,P,Put,2025,11,2025-11-21,6000.0,202511
1194,10009253,510500C2512M04900,4.9,510500,C,Call,2025,12,2025-12-19,4900.0,202512
1195,10009254,510500C2512M05000,5.0,510500,C,Call,2025,12,2025-12-19,5000.0,202512
1196,10009255,510500C2512M05250,5.25,510500,C,Call,2025,12,2025-12-19,5250.0,202512
1197,10009256,510500C2512M05500,5.5,510500,C,Call,2025,12,2025-12-19,5500.0,202512
1198,10009257,510500C2512M05750,5.75,510500,C,Call,2025,12,2025-12-19,5750.0,202512
1199,10009258,510500C2512M06000,6.0,510500,C,Call,2025,12,2025-12-19,6000.0,202512
1200,10009259,510500C2512M06250,6.25,510500,C,Call,2025,12,2025-12-19,6250.0,202512
1201,10009260,510500C2512M06500,6.5,510500,C,Call,2025,12,2025-12-19,6500.0,202512
1202,10009261,510500C2512M06750,6.75,510500,C,Call,2025,12,2025-12-19,6750.0,202512
1203,10009262,510500P2512M04900,4.9,510500,P,Put,2025,12,2025-12-19,4900.0,202512
1204,10009263,510500P2512M05000,5.0,510500,P,Put,2025,12,2025-12-19,5000.0,202512
1205,10009264,510500P2512M05250,5.25,510500,P,Put,2025,12,2025-12-19,5250.0,202512
1206,10009265,510500P2512M05500,5.5,510500,P,Put,2025,12,2025-12-19,5500.0,202512
1207,10009266,510500P2512M05750,5.75,510500,P,Put,2025,12,2025-12-19,5750.0,202512
1208,10009267,510500P2512M06000,6.0,510500,P,Put,2025,12,2025-12-19,6000.0,202512
1209,10009268,510500P2512M06250,6.25,510500,P,Put,2025,12,2025-12-19,6250.0,202512
1210,10009269,510500P2512M06500,6.5,510500,P,Put,2025,12,2025-12-19,6500.0,202512
1211,10009270,510500P2512M06750,6.75,510500,P,Put,2025,12,2025-12-19,6750.0,202512
1212,10009307,510500C2512M04800,4.8,510500,C,Call,2025,12,2025-12-19,4800.0,202512
1213,10009308,510500P2512M04800,4.8,510500,P,Put,2025,12,2025-12-19,4800.0,202512
1214,10009507,510500C2512M07000,7.0,510500,C,Call,2025,12,2025-12-19,7000.0,202512
1215,10009508,510500P2512M07000,7.0,510500,P,Put,2025,12,2025-12-19,7000.0,202512
1216,10009615,510500C2512M07250,7.25,510500,C,Call,2025,12,2025-12-19,7250.0,202512
1217,10009616,510500P2512M07250,7.25,510500,P,Put,2025,12,2025-12-19,7250.0,202512
1218,10009745,510500C2512M07500,7.5,510500,C,Call,2025,12,2025-12-19,7500.0,202512
1219,10009746,510500P2512M07500,7.5,510500,P,Put,2025,12,2025-12-19,7500.0,202512
1220,10009769,510500C2512M07750,7.75,510500,C,Call,2025,12,2025-12-19,7750.0,202512
1221,10009770,510500P2512M07750,7.75,510500,P,Put,2025,12,2025-12-19,7750.0,202512
1222,10009829,510500C2512M08000,8.0,510500,C,Call,2025,12,2025-12-19,8000.0,202512
1223,10009830,510500P2512M08000,8.0,510500,P,Put,2025,12,2025-12-19,8000.0,202512
1224,10010011,510500C2512M08250,8.25,510500,C,Call,2025,12,2025-12-19,8250.0,202512
1225,10010012,510500P2512M08250,8.25,510500,P,Put,2025,12,2025-12-19,8250.0,202512
1226,10010049,510500C2512M08500,8.5,510500,C,Call,2025,12,2025-12-19,8500.0,202512
1227,10010050,510500P2512M08500,8.5,510500,P,Put,2025,12,2025-12-19,8500.0,202512
1228,10010187,510500C2512M08750,8.75,510500,C,Call,2025,12,2025-12-19,8750.0,202512
1229,10010188,510500P2512M08750,8.75,510500,P,Put,2025,12,2025-12-19,8750.0,202512
1230,10010477,510500C2601M06000,6.0,510500,C,Call,2026,1,2026-01-16,6000.0,202601
1231,10010477,510500C2601A06000,5.955,,,,,,,,
1232,10010478,510500C2601M06250,6.25,510500,C,Call,2026,1,2026-01-16,6250.0,202601
1233,10010478,510500C2601A06250,6.203,,,,,,,,
1234,10010479,510500C2601M06500,6.5,510500,C,Call,2026,1,2026-01-16,6500.0,202601
1235,10010479,510500C2601A06500,6.452,,,,,,,,
1236,10010480,510500C2601M06750,6.75,510500,C,Call,2026,1,2026-01-16,6750.0,202601
1237,10010480,510500C2601A06750,6.7,,,,,,,,
1238,10010481,510500C2601M07000,7.0,510500,C,Call,2026,1,2026-01-16,7000.0,202601
1239,10010481,510500C2601A07000,6.948,,,,,,,,
1240,10010482,510500C2601M07250,7.25,510500,C,Call,2026,1,2026-01-16,7250.0,202601
1241,10010482,510500C2601A07250,7.196,,,,,,,,
1242,10010483,510500C2601M07500,7.5,510500,C,Call,2026,1,2026-01-16,7500.0,202601
1243,10010483,510500C2601A07500,7.444,,,,,,,,
1244,10010484,510500C2601M07750,7.75,510500,C,Call,2026,1,2026-01-16,7750.0,202601
1245,10010484,510500C2601A07750,7.692,,,,,,,,
1246,10010485,510500C2601M08000,8.0,510500,C,Call,2026,1,2026-01-16,8000.0,202601
1247,10010485,510500C2601A08000,7.94,,,,,,,,
1248,10010486,510500P2601M06000,6.0,510500,P,Put,2026,1,2026-01-16,6000.0,202601
1249,10010486,510500P2601A06000,5.955,,,,,,,,
1250,10010487,510500P2601M06250,6.25,510500,P,Put,2026,1,2026-01-16,6250.0,202601
1251,10010487,510500P2601A06250,6.203,,,,,,,,
1252,10010488,510500P2601M06500,6.5,510500,P,Put,2026,1,2026-01-16,6500.0,202601
1253,10010488,510500P2601A06500,6.452,,,,,,,,
1254,10010489,510500P2601M06750,6.75,510500,P,Put,2026,1,2026-01-16,6750.0,202601
1255,10010489,510500P2601A06750,6.7,,,,,,,,
1256,10010490,510500P2601M07000,7.0,510500,P,Put,2026,1,2026-01-16,7000.0,202601
1257,10010490,510500P2601A07000,6.948,,,,,,,,
1258,10010491,510500P2601M07250,7.25,510500,P,Put,2026,1,2026-01-16,7250.0,202601
1259,10010491,510500P2601A07250,7.196,,,,,,,,
1260,10010492,510500P2601M07500,7.5,510500,P,Put,2026,1,2026-01-16,7500.0,202601
1261,10010492,510500P2601A07500,7.444,,,,,,,,
1262,10010493,510500P2601M07750,7.75,510500,P,Put,2026,1,2026-01-16,7750.0,202601
1263,10010493,510500P2601A07750,7.692,,,,,,,,
1264,10010494,510500P2601M08000,8.0,510500,P,Put,2026,1,2026-01-16,8000.0,202601
1265,10010494,510500P2601A08000,7.94,,,,,,,,
1266,10010531,510500C2601M08250,8.25,510500,C,Call,2026,1,2026-01-16,8250.0,202601
1267,10010531,510500C2601A08250,8.189,,,,,,,,
1268,10010532,510500P2601M08250,8.25,510500,P,Put,2026,1,2026-01-16,8250.0,202601
1269,10010532,510500P2601A08250,8.189,,,,,,,,
1270,10010625,510500C2601M08500,8.5,510500,C,Call,2026,1,2026-01-16,8500.0,202601
1271,10010625,510500C2601A08500,8.437,,,,,,,,
1272,10010626,510500P2601M08500,8.5,510500,P,Put,2026,1,2026-01-16,8500.0,202601
1273,10010626,510500P2601A08500,8.437,,,,,,,,
1274,10010731,510500C2601M08750,8.75,510500,C,Call,2026,1,2026-01-16,8750.0,202601
1275,10010731,510500C2601A08750,8.685,,,,,,,,
1276,10010732,510500P2601M08750,8.75,510500,P,Put,2026,1,2026-01-16,8750.0,202601
1277,10010732,510500P2601A08750,8.685,,,,,,,,
1278,10010749,510500C2601M09000,9.0,510500,C,Call,2026,1,2026-01-16,9000.0,202601
1279,10010749,510500C2601A09000,8.933,,,,,,,,
1280,10010750,510500P2601M09000,9.0,510500,P,Put,2026,1,2026-01-16,9000.0,202601
1281,10010750,510500P2601A09000,8.933,,,,,,,,
1282,10010765,510500C2601M09250,9.25,510500,C,Call,2026,1,2026-01-16,9250.0,202601
1283,10010765,510500C2601A09250,9.181,,,,,,,,
1284,10010766,510500P2601M09250,9.25,510500,P,Put,2026,1,2026-01-16,9250.0,202601
1285,10010766,510500P2601A09250,9.181,,,,,,,,
1286,10010773,510500C2601M09500,9.5,510500,C,Call,2026,1,2026-01-16,9500.0,202601
1287,10010773,510500C2601A09500,9.429,,,,,,,,
1288,10010774,510500P2601M09500,9.5,510500,P,Put,2026,1,2026-01-16,9500.0,202601
1289,10010774,510500P2601A09500,9.429,,,,,,,,
1290,10010795,510500C2601M07250,7.25,510500,C,Call,2026,1,2026-01-16,7250.0,202601
1291,10010796,510500C2601M07500,7.5,510500,C,Call,2026,1,2026-01-16,7500.0,202601
1292,10010797,510500C2601M07750,7.75,510500,C,Call,2026,1,2026-01-16,7750.0,202601
1293,10010798,510500C2601M08000,8.0,510500,C,Call,2026,1,2026-01-16,8000.0,202601
1294,10010799,510500C2601M08250,8.25,510500,C,Call,2026,1,2026-01-16,8250.0,202601
1295,10010800,510500C2601M08500,8.5,510500,C,Call,2026,1,2026-01-16,8500.0,202601
1296,10010801,510500C2601M08750,8.75,510500,C,Call,2026,1,2026-01-16,8750.0,202601
1297,10010802,510500C2601M09000,9.0,510500,C,Call,2026,1,2026-01-16,9000.0,202601
1298,10010803,510500C2601M09250,9.25,510500,C,Call,2026,1,2026-01-16,9250.0,202601
1299,10010804,510500P2601M07250,7.25,510500,P,Put,2026,1,2026-01-16,7250.0,202601
1300,10010805,510500P2601M07500,7.5,510500,P,Put,2026,1,2026-01-16,7500.0,202601
1301,10010806,510500P2601M07750,7.75,510500,P,Put,2026,1,2026-01-16,7750.0,202601
1302,10010807,510500P2601M08000,8.0,510500,P,Put,2026,1,2026-01-16,8000.0,202601
1303,10010808,510500P2601M08250,8.25,510500,P,Put,2026,1,2026-01-16,8250.0,202601
1304,10010809,510500P2601M08500,8.5,510500,P,Put,2026,1,2026-01-16,8500.0,202601
1305,10010810,510500P2601M08750,8.75,510500,P,Put,2026,1,2026-01-16,8750.0,202601
1306,10010811,510500P2601M09000,9.0,510500,P,Put,2026,1,2026-01-16,9000.0,202601
1307,10010812,510500P2601M09250,9.25,510500,P,Put,2026,1,2026-01-16,9250.0,202601
1308,10010939,510500C2601M09500,9.5,510500,C,Call,2026,1,2026-01-16,9500.0,202601
1309,10010940,510500P2601M09500,9.5,510500,P,Put,2026,1,2026-01-16,9500.0,202601
1310,10010947,510500C2601M09750,9.75,510500,C,Call,2026,1,2026-01-16,9750.0,202601
1311,10010948,510500P2601M09750,9.75,510500,P,Put,2026,1,2026-01-16,9750.0,202601
1312,10010663,510500C2602M06500,6.5,510500,C,Call,2026,2,2026-02-20,6500.0,202602
1313,10010663,510500C2602A06500,6.452,,,,,,,,
1314,10010664,510500C2602M06750,6.75,510500,C,Call,2026,2,2026-02-20,6750.0,202602
1315,10010664,510500C2602A06750,6.7,,,,,,,,
1316,10010665,510500C2602M07000,7.0,510500,C,Call,2026,2,2026-02-20,7000.0,202602
1317,10010665,510500C2602A07000,6.948,,,,,,,,
1318,10010666,510500C2602M07250,7.25,510500,C,Call,2026,2,2026-02-20,7250.0,202602
1319,10010666,510500C2602A07250,7.196,,,,,,,,
1320,10010667,510500C2602M07500,7.5,510500,C,Call,2026,2,2026-02-20,7500.0,202602
1321,10010667,510500C2602A07500,7.444,,,,,,,,
1322,10010668,510500C2602M07750,7.75,510500,C,Call,2026,2,2026-02-20,7750.0,202602
1323,10010668,510500C2602A07750,7.692,,,,,,,,
1324,10010669,510500C2602M08000,8.0,510500,C,Call,2026,2,2026-02-20,8000.0,202602
1325,10010669,510500C2602A08000,7.94,,,,,,,,
1326,10010670,510500C2602M08250,8.25,510500,C,Call,2026,2,2026-02-20,8250.0,202602
1327,10010670,510500C2602A08250,8.189,,,,,,,,
1328,10010671,510500C2602M08500,8.5,510500,C,Call,2026,2,2026-02-20,8500.0,202602
1329,10010671,510500C2602A08500,8.437,,,,,,,,
1330,10010672,510500P2602M06500,6.5,510500,P,Put,2026,2,2026-02-20,6500.0,202602
1331,10010672,510500P2602A06500,6.452,,,,,,,,
1332,10010673,510500P2602M06750,6.75,510500,P,Put,2026,2,2026-02-20,6750.0,202602
1333,10010673,510500P2602A06750,6.7,,,,,,,,
1334,10010674,510500P2602M07000,7.0,510500,P,Put,2026,2,2026-02-20,7000.0,202602
1335,10010674,510500P2602A07000,6.948,,,,,,,,
1336,10010675,510500P2602M07250,7.25,510500,P,Put,2026,2,2026-02-20,7250.0,202602
1337,10010675,510500P2602A07250,7.196,,,,,,,,
1338,10010676,510500P2602M07500,7.5,510500,P,Put,2026,2,2026-02-20,7500.0,202602
1339,10010676,510500P2602A07500,7.444,,,,,,,,
1340,10010677,510500P2602M07750,7.75,510500,P,Put,2026,2,2026-02-20,7750.0,202602
1341,10010677,510500P2602A07750,7.692,,,,,,,,
1342,10010678,510500P2602M08000,8.0,510500,P,Put,2026,2,2026-02-20,8000.0,202602
1343,10010678,510500P2602A08000,7.94,,,,,,,,
1344,10010679,510500P2602M08250,8.25,510500,P,Put,2026,2,2026-02-20,8250.0,202602
1345,10010679,510500P2602A08250,8.189,,,,,,,,
1346,10010680,510500P2602M08500,8.5,510500,P,Put,2026,2,2026-02-20,8500.0,202602
1347,10010680,510500P2602A08500,8.437,,,,,,,,
1348,10010733,510500C2602M08750,8.75,510500,C,Call,2026,2,2026-02-20,8750.0,202602
1349,10010733,510500C2602A08750,8.685,,,,,,,,
1350,10010734,510500P2602M08750,8.75,510500,P,Put,2026,2,2026-02-20,8750.0,202602
1351,10010734,510500P2602A08750,8.685,,,,,,,,
1352,10010751,510500C2602M09000,9.0,510500,C,Call,2026,2,2026-02-20,9000.0,202602
1353,10010751,510500C2602A09000,8.933,,,,,,,,
1354,10010752,510500P2602M09000,9.0,510500,P,Put,2026,2,2026-02-20,9000.0,202602
1355,10010752,510500P2602A09000,8.933,,,,,,,,
1356,10010767,510500C2602M09250,9.25,510500,C,Call,2026,2,2026-02-20,9250.0,202602
1357,10010767,510500C2602A09250,9.181,,,,,,,,
1358,10010768,510500P2602M09250,9.25,510500,P,Put,2026,2,2026-02-20,9250.0,202602
1359,10010768,510500P2602A09250,9.181,,,,,,,,
1360,10010775,510500C2602M09500,9.5,510500,C,Call,2026,2,2026-02-20,9500.0,202602
1361,10010775,510500C2602A09500,9.429,,,,,,,,
1362,10010776,510500P2602M09500,9.5,510500,P,Put,2026,2,2026-02-20,9500.0,202602
1363,10010776,510500P2602A09500,9.429,,,,,,,,
1364,10010813,510500C2602M07250,7.25,510500,C,Call,2026,2,2026-02-20,7250.0,202602
1365,10010814,510500C2602M07500,7.5,510500,C,Call,2026,2,2026-02-20,7500.0,202602
1366,10010815,510500C2602M07750,7.75,510500,C,Call,2026,2,2026-02-20,7750.0,202602
1367,10010816,510500C2602M08000,8.0,510500,C,Call,2026,2,2026-02-20,8000.0,202602
1368,10010817,510500C2602M08250,8.25,510500,C,Call,2026,2,2026-02-20,8250.0,202602
1369,10010818,510500C2602M08500,8.5,510500,C,Call,2026,2,2026-02-20,8500.0,202602
1370,10010819,510500C2602M08750,8.75,510500,C,Call,2026,2,2026-02-20,8750.0,202602
1371,10010820,510500C2602M09000,9.0,510500,C,Call,2026,2,2026-02-20,9000.0,202602
1372,10010821,510500C2602M09250,9.25,510500,C,Call,2026,2,2026-02-20,9250.0,202602
1373,10010822,510500P2602M07250,7.25,510500,P,Put,2026,2,2026-02-20,7250.0,202602
1374,10010823,510500P2602M07500,7.5,510500,P,Put,2026,2,2026-02-20,7500.0,202602
1375,10010824,510500P2602M07750,7.75,510500,P,Put,2026,2,2026-02-20,7750.0,202602
1376,10010825,510500P2602M08000,8.0,510500,P,Put,2026,2,2026-02-20,8000.0,202602
1377,10010826,510500P2602M08250,8.25,510500,P,Put,2026,2,2026-02-20,8250.0,202602
1378,10010827,510500P2602M08500,8.5,510500,P,Put,2026,2,2026-02-20,8500.0,202602
1379,10010828,510500P2602M08750,8.75,510500,P,Put,2026,2,2026-02-20,8750.0,202602
1380,10010829,510500P2602M09000,9.0,510500,P,Put,2026,2,2026-02-20,9000.0,202602
1381,10010830,510500P2602M09250,9.25,510500,P,Put,2026,2,2026-02-20,9250.0,202602
1382,10010941,510500C2602M09500,9.5,510500,C,Call,2026,2,2026-02-20,9500.0,202602
1383,10010942,510500P2602M09500,9.5,510500,P,Put,2026,2,2026-02-20,9500.0,202602
1384,10010949,510500C2602M09750,9.75,510500,C,Call,2026,2,2026-02-20,9750.0,202602
1385,10010950,510500P2602M09750,9.75,510500,P,Put,2026,2,2026-02-20,9750.0,202602
1386,10011085,510500C2602M07000,7.0,510500,C,Call,2026,2,2026-02-20,7000.0,202602
1387,10011086,510500P2602M07000,7.0,510500,P,Put,2026,2,2026-02-20,7000.0,202602
1388,10009669,510500C2603M05250,5.25,510500,C,Call,2026,3,2026-03-20,5250.0,202603
1389,10009669,510500C2603A05250,5.211,,,,,,,,
1390,10009670,510500C2603M05500,5.5,510500,C,Call,2026,3,2026-03-20,5500.0,202603
1391,10009670,510500C2603A05500,5.459,,,,,,,,
1392,10009671,510500C2603M05750,5.75,510500,C,Call,2026,3,2026-03-20,5750.0,202603
1393,10009671,510500C2603A05750,5.707,,,,,,,,
1394,10009672,510500C2603M06000,6.0,510500,C,Call,2026,3,2026-03-20,6000.0,202603
1395,10009672,510500C2603A06000,5.955,,,,,,,,
1396,10009673,510500C2603M06250,6.25,510500,C,Call,2026,3,2026-03-20,6250.0,202603
1397,10009673,510500C2603A06250,6.203,,,,,,,,
1398,10009674,510500C2603M06500,6.5,510500,C,Call,2026,3,2026-03-20,6500.0,202603
1399,10009674,510500C2603A06500,6.452,,,,,,,,
1400,10009675,510500C2603M06750,6.75,510500,C,Call,2026,3,2026-03-20,6750.0,202603
1401,10009675,510500C2603A06750,6.7,,,,,,,,
1402,10009676,510500C2603M07000,7.0,510500,C,Call,2026,3,2026-03-20,7000.0,202603
1403,10009676,510500C2603A07000,6.948,,,,,,,,
1404,10009677,510500C2603M07250,7.25,510500,C,Call,2026,3,2026-03-20,7250.0,202603
1405,10009677,510500C2603A07250,7.196,,,,,,,,
1406,10009678,510500P2603M05250,5.25,510500,P,Put,2026,3,2026-03-20,5250.0,202603
1407,10009678,510500P2603A05250,5.211,,,,,,,,
1408,10009679,510500P2603M05500,5.5,510500,P,Put,2026,3,2026-03-20,5500.0,202603
1409,10009679,510500P2603A05500,5.459,,,,,,,,
1410,10009680,510500P2603M05750,5.75,510500,P,Put,2026,3,2026-03-20,5750.0,202603
1411,10009680,510500P2603A05750,5.707,,,,,,,,
1412,10009681,510500P2603M06000,6.0,510500,P,Put,2026,3,2026-03-20,6000.0,202603
1413,10009681,510500P2603A06000,5.955,,,,,,,,
1414,10009682,510500P2603M06250,6.25,510500,P,Put,2026,3,2026-03-20,6250.0,202603
1415,10009682,510500P2603A06250,6.203,,,,,,,,
1416,10009683,510500P2603M06500,6.5,510500,P,Put,2026,3,2026-03-20,6500.0,202603
1417,10009683,510500P2603A06500,6.452,,,,,,,,
1418,10009684,510500P2603M06750,6.75,510500,P,Put,2026,3,2026-03-20,6750.0,202603
1419,10009684,510500P2603A06750,6.7,,,,,,,,
1420,10009685,510500P2603M07000,7.0,510500,P,Put,2026,3,2026-03-20,7000.0,202603
1421,10009685,510500P2603A07000,6.948,,,,,,,,
1422,10009686,510500P2603M07250,7.25,510500,P,Put,2026,3,2026-03-20,7250.0,202603
1423,10009686,510500P2603A07250,7.196,,,,,,,,
1424,10009747,510500C2603M07500,7.5,510500,C,Call,2026,3,2026-03-20,7500.0,202603
1425,10009747,510500C2603A07500,7.444,,,,,,,,
1426,10009748,510500P2603M07500,7.5,510500,P,Put,2026,3,2026-03-20,7500.0,202603
1427,10009748,510500P2603A07500,7.444,,,,,,,,
1428,10009771,510500C2603M07750,7.75,510500,C,Call,2026,3,2026-03-20,7750.0,202603
1429,10009771,510500C2603A07750,7.692,,,,,,,,
1430,10009772,510500P2603M07750,7.75,510500,P,Put,2026,3,2026-03-20,7750.0,202603
1431,10009772,510500P2603A07750,7.692,,,,,,,,
1432,10009831,510500C2603M08000,8.0,510500,C,Call,2026,3,2026-03-20,8000.0,202603
1433,10009831,510500C2603A08000,7.94,,,,,,,,
1434,10009832,510500P2603M08000,8.0,510500,P,Put,2026,3,2026-03-20,8000.0,202603
1435,10009832,510500P2603A08000,7.94,,,,,,,,
1436,10010013,510500C2603M08250,8.25,510500,C,Call,2026,3,2026-03-20,8250.0,202603
1437,10010013,510500C2603A08250,8.189,,,,,,,,
1438,10010014,510500P2603M08250,8.25,510500,P,Put,2026,3,2026-03-20,8250.0,202603
1439,10010014,510500P2603A08250,8.189,,,,,,,,
1440,10010051,510500C2603M08500,8.5,510500,C,Call,2026,3,2026-03-20,8500.0,202603
1441,10010051,510500C2603A08500,8.437,,,,,,,,
1442,10010052,510500P2603M08500,8.5,510500,P,Put,2026,3,2026-03-20,8500.0,202603
1443,10010052,510500P2603A08500,8.437,,,,,,,,
1444,10010189,510500C2603M08750,8.75,510500,C,Call,2026,3,2026-03-20,8750.0,202603
1445,10010189,510500C2603A08750,8.685,,,,,,,,
1446,10010190,510500P2603M08750,8.75,510500,P,Put,2026,3,2026-03-20,8750.0,202603
1447,10010190,510500P2603A08750,8.685,,,,,,,,
1448,10010753,510500C2603M09000,9.0,510500,C,Call,2026,3,2026-03-20,9000.0,202603
1449,10010753,510500C2603A09000,8.933,,,,,,,,
1450,10010754,510500P2603M09000,9.0,510500,P,Put,2026,3,2026-03-20,9000.0,202603
1451,10010754,510500P2603A09000,8.933,,,,,,,,
1452,10010769,510500C2603M09250,9.25,510500,C,Call,2026,3,2026-03-20,9250.0,202603
1453,10010769,510500C2603A09250,9.181,,,,,,,,
1454,10010770,510500P2603M09250,9.25,510500,P,Put,2026,3,2026-03-20,9250.0,202603
1455,10010770,510500P2603A09250,9.181,,,,,,,,
1456,10010777,510500C2603M09500,9.5,510500,C,Call,2026,3,2026-03-20,9500.0,202603
1457,10010777,510500C2603A09500,9.429,,,,,,,,
1458,10010778,510500P2603M09500,9.5,510500,P,Put,2026,3,2026-03-20,9500.0,202603
1459,10010778,510500P2603A09500,9.429,,,,,,,,
1460,10010831,510500C2603M07250,7.25,510500,C,Call,2026,3,2026-03-20,7250.0,202603
1461,10010832,510500C2603M07500,7.5,510500,C,Call,2026,3,2026-03-20,7500.0,202603
1462,10010833,510500C2603M07750,7.75,510500,C,Call,2026,3,2026-03-20,7750.0,202603
1463,10010834,510500C2603M08000,8.0,510500,C,Call,2026,3,2026-03-20,8000.0,202603
1464,10010835,510500C2603M08250,8.25,510500,C,Call,2026,3,2026-03-20,8250.0,202603
1465,10010836,510500C2603M08500,8.5,510500,C,Call,2026,3,2026-03-20,8500.0,202603
1466,10010837,510500C2603M08750,8.75,510500,C,Call,2026,3,2026-03-20,8750.0,202603
1467,10010838,510500C2603M09000,9.0,510500,C,Call,2026,3,2026-03-20,9000.0,202603
1468,10010839,510500C2603M09250,9.25,510500,C,Call,2026,3,2026-03-20,9250.0,202603
1469,10010840,510500P2603M07250,7.25,510500,P,Put,2026,3,2026-03-20,7250.0,202603
1470,10010841,510500P2603M07500,7.5,510500,P,Put,2026,3,2026-03-20,7500.0,202603
1471,10010842,510500P2603M07750,7.75,510500,P,Put,2026,3,2026-03-20,7750.0,202603
1472,10010843,510500P2603M08000,8.0,510500,P,Put,2026,3,2026-03-20,8000.0,202603
1473,10010844,510500P2603M08250,8.25,510500,P,Put,2026,3,2026-03-20,8250.0,202603
1474,10010845,510500P2603M08500,8.5,510500,P,Put,2026,3,2026-03-20,8500.0,202603
1475,10010846,510500P2603M08750,8.75,510500,P,Put,2026,3,2026-03-20,8750.0,202603
1476,10010847,510500P2603M09000,9.0,510500,P,Put,2026,3,2026-03-20,9000.0,202603
1477,10010848,510500P2603M09250,9.25,510500,P,Put,2026,3,2026-03-20,9250.0,202603
1478,10010943,510500C2603M09500,9.5,510500,C,Call,2026,3,2026-03-20,9500.0,202603
1479,10010944,510500P2603M09500,9.5,510500,P,Put,2026,3,2026-03-20,9500.0,202603
1480,10010951,510500C2603M09750,9.75,510500,C,Call,2026,3,2026-03-20,9750.0,202603
1481,10010952,510500P2603M09750,9.75,510500,P,Put,2026,3,2026-03-20,9750.0,202603
1482,10011087,510500C2603M07000,7.0,510500,C,Call,2026,3,2026-03-20,7000.0,202603
1483,10011088,510500P2603M07000,7.0,510500,P,Put,2026,3,2026-03-20,7000.0,202603
1484,10011235,510500C2603M06750,6.75,510500,C,Call,2026,3,2026-03-20,6750.0,202603
1485,10011236,510500P2603M06750,6.75,510500,P,Put,2026,3,2026-03-20,6750.0,202603
1486,10011275,510500C2603M06500,6.5,510500,C,Call,2026,3,2026-03-20,6500.0,202603
1487,10011276,510500P2603M06500,6.5,510500,P,Put,2026,3,2026-03-20,6500.0,202603
1488,10011139,510500C2604M07500,7.5,510500,C,Call,2026,4,2026-04-17,7500.0,202604
1489,10011140,510500C2604M07750,7.75,510500,C,Call,2026,4,2026-04-17,7750.0,202604
1490,10011141,510500C2604M08000,8.0,510500,C,Call,2026,4,2026-04-17,8000.0,202604
1491,10011142,510500C2604M08250,8.25,510500,C,Call,2026,4,2026-04-17,8250.0,202604
1492,10011143,510500C2604M08500,8.5,510500,C,Call,2026,4,2026-04-17,8500.0,202604
1493,10011144,510500C2604M08750,8.75,510500,C,Call,2026,4,2026-04-17,8750.0,202604
1494,10011145,510500C2604M09000,9.0,510500,C,Call,2026,4,2026-04-17,9000.0,202604
1495,10011146,510500C2604M09250,9.25,510500,C,Call,2026,4,2026-04-17,9250.0,202604
1496,10011147,510500C2604M09500,9.5,510500,C,Call,2026,4,2026-04-17,9500.0,202604
1497,10011148,510500P2604M07500,7.5,510500,P,Put,2026,4,2026-04-17,7500.0,202604
1498,10011149,510500P2604M07750,7.75,510500,P,Put,2026,4,2026-04-17,7750.0,202604
1499,10011150,510500P2604M08000,8.0,510500,P,Put,2026,4,2026-04-17,8000.0,202604
1500,10011151,510500P2604M08250,8.25,510500,P,Put,2026,4,2026-04-17,8250.0,202604
1501,10011152,510500P2604M08500,8.5,510500,P,Put,2026,4,2026-04-17,8500.0,202604
1502,10011153,510500P2604M08750,8.75,510500,P,Put,2026,4,2026-04-17,8750.0,202604
1503,10011154,510500P2604M09000,9.0,510500,P,Put,2026,4,2026-04-17,9000.0,202604
1504,10011155,510500P2604M09250,9.25,510500,P,Put,2026,4,2026-04-17,9250.0,202604
1505,10011156,510500P2604M09500,9.5,510500,P,Put,2026,4,2026-04-17,9500.0,202604
1506,10011195,510500C2604M09750,9.75,510500,C,Call,2026,4,2026-04-17,9750.0,202604
1507,10011196,510500P2604M09750,9.75,510500,P,Put,2026,4,2026-04-17,9750.0,202604
1508,10011211,510500C2604M07250,7.25,510500,C,Call,2026,4,2026-04-17,7250.0,202604
1509,10011212,510500P2604M07250,7.25,510500,P,Put,2026,4,2026-04-17,7250.0,202604
1510,10011217,510500C2604M07000,7.0,510500,C,Call,2026,4,2026-04-17,7000.0,202604
1511,10011218,510500P2604M07000,7.0,510500,P,Put,2026,4,2026-04-17,7000.0,202604
1512,10011237,510500C2604M06750,6.75,510500,C,Call,2026,4,2026-04-17,6750.0,202604
1513,10011238,510500P2604M06750,6.75,510500,P,Put,2026,4,2026-04-17,6750.0,202604
1514,10011277,510500C2604M06500,6.5,510500,C,Call,2026,4,2026-04-17,6500.0,202604
1515,10011278,510500P2604M06500,6.5,510500,P,Put,2026,4,2026-04-17,6500.0,202604
1516,10011327,510500C2605M06750,6.75,510500,C,Call,2026,5,2026-05-15,6750.0,202605
1517,10011328,510500C2605M07000,7.0,510500,C,Call,2026,5,2026-05-15,7000.0,202605
1518,10011329,510500C2605M07250,7.25,510500,C,Call,2026,5,2026-05-15,7250.0,202605
1519,10011330,510500C2605M07500,7.5,510500,C,Call,2026,5,2026-05-15,7500.0,202605
1520,10011331,510500C2605M07750,7.75,510500,C,Call,2026,5,2026-05-15,7750.0,202605
1521,10011332,510500C2605M08000,8.0,510500,C,Call,2026,5,2026-05-15,8000.0,202605
1522,10011333,510500C2605M08250,8.25,510500,C,Call,2026,5,2026-05-15,8250.0,202605
1523,10011334,510500C2605M08500,8.5,510500,C,Call,2026,5,2026-05-15,8500.0,202605
1524,10011335,510500C2605M08750,8.75,510500,C,Call,2026,5,2026-05-15,8750.0,202605
1525,10011336,510500P2605M06750,6.75,510500,P,Put,2026,5,2026-05-15,6750.0,202605
1526,10011337,510500P2605M07000,7.0,510500,P,Put,2026,5,2026-05-15,7000.0,202605
1527,10011338,510500P2605M07250,7.25,510500,P,Put,2026,5,2026-05-15,7250.0,202605
1528,10011339,510500P2605M07500,7.5,510500,P,Put,2026,5,2026-05-15,7500.0,202605
1529,10011340,510500P2605M07750,7.75,510500,P,Put,2026,5,2026-05-15,7750.0,202605
1530,10011341,510500P2605M08000,8.0,510500,P,Put,2026,5,2026-05-15,8000.0,202605
1531,10011342,510500P2605M08250,8.25,510500,P,Put,2026,5,2026-05-15,8250.0,202605
1532,10011343,510500P2605M08500,8.5,510500,P,Put,2026,5,2026-05-15,8500.0,202605
1533,10011344,510500P2605M08750,8.75,510500,P,Put,2026,5,2026-05-15,8750.0,202605
1534,10011395,510500C2605M06500,6.5,510500,C,Call,2026,5,2026-05-15,6500.0,202605
1535,10011396,510500P2605M06500,6.5,510500,P,Put,2026,5,2026-05-15,6500.0,202605
1536,10011403,510500C2605M09000,9.0,510500,C,Call,2026,5,2026-05-15,9000.0,202605
1537,10011404,510500P2605M09000,9.0,510500,P,Put,2026,5,2026-05-15,9000.0,202605
1538,10011411,510500C2605M09250,9.25,510500,C,Call,2026,5,2026-05-15,9250.0,202605
1539,10011412,510500P2605M09250,9.25,510500,P,Put,2026,5,2026-05-15,9250.0,202605
1540,10010331,510500C2606M06250,6.25,510500,C,Call,2026,6,2026-06-19,6250.0,202606
1541,10010331,510500C2606A06250,6.203,,,,,,,,
1542,10010332,510500C2606M06500,6.5,510500,C,Call,2026,6,2026-06-19,6500.0,202606
1543,10010332,510500C2606A06500,6.452,,,,,,,,
1544,10010333,510500C2606M06750,6.75,510500,C,Call,2026,6,2026-06-19,6750.0,202606
1545,10010333,510500C2606A06750,6.7,,,,,,,,
1546,10010334,510500C2606M07000,7.0,510500,C,Call,2026,6,2026-06-19,7000.0,202606
1547,10010334,510500C2606A07000,6.948,,,,,,,,
1548,10010335,510500C2606M07250,7.25,510500,C,Call,2026,6,2026-06-19,7250.0,202606
1549,10010335,510500C2606A07250,7.196,,,,,,,,
1550,10010336,510500C2606M07500,7.5,510500,C,Call,2026,6,2026-06-19,7500.0,202606
1551,10010336,510500C2606A07500,7.444,,,,,,,,
1552,10010337,510500C2606M07750,7.75,510500,C,Call,2026,6,2026-06-19,7750.0,202606
1553,10010337,510500C2606A07750,7.692,,,,,,,,
1554,10010338,510500C2606M08000,8.0,510500,C,Call,2026,6,2026-06-19,8000.0,202606
1555,10010338,510500C2606A08000,7.94,,,,,,,,
1556,10010339,510500C2606M08250,8.25,510500,C,Call,2026,6,2026-06-19,8250.0,202606
1557,10010339,510500C2606A08250,8.189,,,,,,,,
1558,10010340,510500P2606M06250,6.25,510500,P,Put,2026,6,2026-06-19,6250.0,202606
1559,10010340,510500P2606A06250,6.203,,,,,,,,
1560,10010341,510500P2606M06500,6.5,510500,P,Put,2026,6,2026-06-19,6500.0,202606
1561,10010341,510500P2606A06500,6.452,,,,,,,,
1562,10010342,510500P2606M06750,6.75,510500,P,Put,2026,6,2026-06-19,6750.0,202606
1563,10010342,510500P2606A06750,6.7,,,,,,,,
1564,10010343,510500P2606M07000,7.0,510500,P,Put,2026,6,2026-06-19,7000.0,202606
1565,10010343,510500P2606A07000,6.948,,,,,,,,
1566,10010344,510500P2606M07250,7.25,510500,P,Put,2026,6,2026-06-19,7250.0,202606
1567,10010344,510500P2606A07250,7.196,,,,,,,,
1568,10010345,510500P2606M07500,7.5,510500,P,Put,2026,6,2026-06-19,7500.0,202606
1569,10010345,510500P2606A07500,7.444,,,,,,,,
1570,10010346,510500P2606M07750,7.75,510500,P,Put,2026,6,2026-06-19,7750.0,202606
1571,10010346,510500P2606A07750,7.692,,,,,,,,
1572,10010347,510500P2606M08000,8.0,510500,P,Put,2026,6,2026-06-19,8000.0,202606
1573,10010347,510500P2606A08000,7.94,,,,,,,,
1574,10010348,510500P2606M08250,8.25,510500,P,Put,2026,6,2026-06-19,8250.0,202606
1575,10010348,510500P2606A08250,8.189,,,,,,,,
1576,10010403,510500C2606M08500,8.5,510500,C,Call,2026,6,2026-06-19,8500.0,202606
1577,10010403,510500C2606A08500,8.437,,,,,,,,
1578,10010404,510500P2606M08500,8.5,510500,P,Put,2026,6,2026-06-19,8500.0,202606
1579,10010404,510500P2606A08500,8.437,,,,,,,,
1580,10010427,510500C2606M06000,6.0,510500,C,Call,2026,6,2026-06-19,6000.0,202606
1581,10010427,510500C2606A06000,5.955,,,,,,,,
1582,10010428,510500P2606M06000,6.0,510500,P,Put,2026,6,2026-06-19,6000.0,202606
1583,10010428,510500P2606A06000,5.955,,,,,,,,
1584,10010735,510500C2606M08750,8.75,510500,C,Call,2026,6,2026-06-19,8750.0,202606
1585,10010735,510500C2606A08750,8.685,,,,,,,,
1586,10010736,510500P2606M08750,8.75,510500,P,Put,2026,6,2026-06-19,8750.0,202606
1587,10010736,510500P2606A08750,8.685,,,,,,,,
1588,10010755,510500C2606M09000,9.0,510500,C,Call,2026,6,2026-06-19,9000.0,202606
1589,10010755,510500C2606A09000,8.933,,,,,,,,
1590,10010756,510500P2606M09000,9.0,510500,P,Put,2026,6,2026-06-19,9000.0,202606
1591,10010756,510500P2606A09000,8.933,,,,,,,,
1592,10010771,510500C2606M09250,9.25,510500,C,Call,2026,6,2026-06-19,9250.0,202606
1593,10010771,510500C2606A09250,9.181,,,,,,,,
1594,10010772,510500P2606M09250,9.25,510500,P,Put,2026,6,2026-06-19,9250.0,202606
1595,10010772,510500P2606A09250,9.181,,,,,,,,
1596,10010779,510500C2606M09500,9.5,510500,C,Call,2026,6,2026-06-19,9500.0,202606
1597,10010779,510500C2606A09500,9.429,,,,,,,,
1598,10010780,510500P2606M09500,9.5,510500,P,Put,2026,6,2026-06-19,9500.0,202606
1599,10010780,510500P2606A09500,9.429,,,,,,,,
1600,10010849,510500C2606M07250,7.25,510500,C,Call,2026,6,2026-06-19,7250.0,202606
1601,10010850,510500C2606M07500,7.5,510500,C,Call,2026,6,2026-06-19,7500.0,202606
1602,10010851,510500C2606M07750,7.75,510500,C,Call,2026,6,2026-06-19,7750.0,202606
1603,10010852,510500C2606M08000,8.0,510500,C,Call,2026,6,2026-06-19,8000.0,202606
1604,10010853,510500C2606M08250,8.25,510500,C,Call,2026,6,2026-06-19,8250.0,202606
1605,10010854,510500C2606M08500,8.5,510500,C,Call,2026,6,2026-06-19,8500.0,202606
1606,10010855,510500C2606M08750,8.75,510500,C,Call,2026,6,2026-06-19,8750.0,202606
1607,10010856,510500C2606M09000,9.0,510500,C,Call,2026,6,2026-06-19,9000.0,202606
1608,10010857,510500C2606M09250,9.25,510500,C,Call,2026,6,2026-06-19,9250.0,202606
1609,10010858,510500P2606M07250,7.25,510500,P,Put,2026,6,2026-06-19,7250.0,202606
1610,10010859,510500P2606M07500,7.5,510500,P,Put,2026,6,2026-06-19,7500.0,202606
1611,10010860,510500P2606M07750,7.75,510500,P,Put,2026,6,2026-06-19,7750.0,202606
1612,10010861,510500P2606M08000,8.0,510500,P,Put,2026,6,2026-06-19,8000.0,202606
1613,10010862,510500P2606M08250,8.25,510500,P,Put,2026,6,2026-06-19,8250.0,202606
1614,10010863,510500P2606M08500,8.5,510500,P,Put,2026,6,2026-06-19,8500.0,202606
1615,10010864,510500P2606M08750,8.75,510500,P,Put,2026,6,2026-06-19,8750.0,202606
1616,10010865,510500P2606M09000,9.0,510500,P,Put,2026,6,2026-06-19,9000.0,202606
1617,10010866,510500P2606M09250,9.25,510500,P,Put,2026,6,2026-06-19,9250.0,202606
1618,10010945,510500C2606M09500,9.5,510500,C,Call,2026,6,2026-06-19,9500.0,202606
1619,10010946,510500P2606M09500,9.5,510500,P,Put,2026,6,2026-06-19,9500.0,202606
1620,10010953,510500C2606M09750,9.75,510500,C,Call,2026,6,2026-06-19,9750.0,202606
1621,10010954,510500P2606M09750,9.75,510500,P,Put,2026,6,2026-06-19,9750.0,202606
1622,10011089,510500C2606M07000,7.0,510500,C,Call,2026,6,2026-06-19,7000.0,202606
1623,10011090,510500P2606M07000,7.0,510500,P,Put,2026,6,2026-06-19,7000.0,202606
1624,10011239,510500C2606M06750,6.75,510500,C,Call,2026,6,2026-06-19,6750.0,202606
1625,10011240,510500P2606M06750,6.75,510500,P,Put,2026,6,2026-06-19,6750.0,202606
1626,10011279,510500C2606M06500,6.5,510500,C,Call,2026,6,2026-06-19,6500.0,202606
1627,10011280,510500P2606M06500,6.5,510500,P,Put,2026,6,2026-06-19,6500.0,202606
